nombre,tipo_elec,onomastico,suplente,edo,ent,ent_2,correo,ext
Dip. Francisco Javier Luevano Nunez,Mayoria Relativa,01-jul-79,Gustavo Armendariz Viramontes,Aguascalientes,Distrito:1,H-249,francisco.luevano@diputados.gob.mx,59907
Dip. Elba Lorena Torres Diaz (LICENCIA),Mayoria Relativa,15-mar-77,Haydee Hernandez Munoz,Aguascalientes,Distrito:2,H-278,elba.torres@diputados.gob.mx,62100
Dip. Martha Elisa Gonzalez Estrada (LICENCIA),Mayoria Relativa,29-ene-77,Claudia Patricia Torres Lopez(en funciones),Aguascalientes,Distrito:3,E-119,elisa.gonzalez@diputados.gob.mx,59911
Dip. Jesus Salvador Minor Mora,Mayoria Relativa,01-jun-51,Juan Melendrez Espinoza,Baja California,Distrito:1,L-453,jesus.minor@diputados.gob.mx,61368
Dip. Marina del Pilar Avila Olmeda (LICENCIA),Mayoria Relativa,19-oct-85,Martha Lizeth Noriega Galaz(en funciones),Baja California,Distrito:2,K-410,marina.avila@diputados.gob.mx,61372
Dip. Armando Reyes Ledesma,Mayoria Relativa,10-abr-72,Christian Hiram Dunn Fitch,Baja California,Distrito:3,F-198,armando.reyes@diputados.gob.mx,62030
Dip. Socorro Irma Andazola Gomez,Mayoria Relativa,22-sep-64,Carlota Lara Guzman,Baja California,Distrito:4,L-451,socorro.andazola@diputados.gob.mx,61370
Dip. Mario Ismael Moreno Gil,Mayoria Relativa,17-jun-48,Luis Javier Algorri Franco,Baja California,Distrito:5,L-452,ismael.moreno@diputados.gob.mx,61327
Dip. Javier Julian Castaneda Pomposo (LICENCIA),Mayoria Relativa,07-oct-67,Erwin Jorge Areizaga Uribe(en funciones),Baja California,Distrito:6,G-237,javier.castaneda@diputados.gob.mx,61810
Dip. Erik Isaac Morales Elvira,Mayoria Relativa,01-sep-76,Armando Teran Corella,Baja California,Distrito:7,K-411,erik.morales@diputados.gob.mx,61374
Dip. Hector Rene Cruz Aparicio (LICENCIA),Mayoria Relativa,27-dic-82,Alfredo Rivas Aispuro(en funciones),Baja California,Distrito:8,P-508,hector.cruz@diputados.gob.mx,53009
Dip. Ana Ruth Garcia Grande,Mayoria Relativa,30-may-71,Yolanda Jimenez Espinoza,Baja California Sur,Distrito:1,G-240,ruth.garcia@diputados.gob.mx,65052
Dip. Alfredo Porras Dominguez,Mayoria Relativa,21-feb-57,Marco Antonio Cesena Sandoval,Baja California Sur,Distrito:2,D-115,alfredo.porras@diputados.gob.mx,62010
Dip. Carlos Enrique Martinez Ake,Mayoria Relativa,25-abr-77,Daniel Jesus Gomez Vargas,Campeche,Distrito:1,G-219,cenrique.martinez@diputados.gob.mx,61566
Dip. Irasema del Carmen Buenfil Diaz,Mayoria Relativa,22-ago-58,Azalia del Carmen Kuri Garcia,Campeche,Distrito:2,E-151,irasema.buenfil@diputados.gob.mx,61865
Dip. Erika Vanessa Del Castillo Ibarra,Mayoria Relativa,10-jun-78,Veronica Bustamante Martinez,Ciudad de Mexico,Distrito:1,G-225,erika.delcastillo@diputados.gob.mx,66418
Dip. Armando Gonzalez Escoto,Mayoria Relativa,27-ago-67,Juan Javier Calva Hernandez,Ciudad de Mexico,Distrito:2,E-154,agonzalez.escoto@diputados.gob.mx,61829
Dip. Miguel Angel Jauregui Montes de Oca,Mayoria Relativa,19-feb-75,Gerardo Vallejo Rodriguez,Ciudad de Mexico,Distrito:3,J-351,miguel.jauregui@diputados.gob.mx,61252
Dip. Gerardo Fernandez Norona,Mayoria Relativa,19-mar-60,Balfre Vargas Cortez,Ciudad de Mexico,Distrito:4,A-024,jgerardo.fernandez@diputados.gob.mx,62098
Dip. Claudia Lopez Rayon,Mayoria Relativa,22-abr-73,Gabriela Romero Martinez,Ciudad de Mexico,Distrito:5,K-396,claudia.lopez@diputados.gob.mx,61250
Dip. Sergio Mayer Breton,Mayoria Relativa,21-may-66,Oscar Bernache Dominguez,Ciudad de Mexico,Distrito:6,E-140,sergio.mayer@diputados.gob.mx,67078
Dip. Beatriz Rojas Martinez,Mayoria Relativa,21-dic-66,Erika Nayat Montes Casillas,Ciudad de Mexico,Distrito:7,G-224,beatriz.rojas@diputados.gob.mx,61688
Dip. Maria Rosete,Mayoria Relativa,12-mar-60,Eloisa Micaela Montano Covarrubias,Ciudad de Mexico,Distrito:8,C-078,maria.rosete@diputados.gob.mx,62100
Dip. Adriana Maria Guadalupe Espinosa de los Monteros Garcia,Mayoria Relativa,11-dic-72,Mariela Santos Rojo,Ciudad de Mexico,Distrito:9,E-142,adriana.espinosa@diputados.gob.mx,61262
Dip. Javier Ariel Hidalgo Ponce,Mayoria Relativa,14-may-60,Luis Daniel Reyes Amezaga,Ciudad de Mexico,Distrito:10,G-226,javier.hidalgo@diputados.gob.mx,61634
Dip. Rocio Barrera Badillo (LICENCIA),Mayoria Relativa,01-oct-76,Maria Martha Garcia Flores,Ciudad de Mexico,Distrito:11,E-141,rocio.barrera@diputados.gob.mx,61302
Dip. Dolores Padierna Luna,Mayoria Relativa,08-may-58,Montserrat Navarro Perez,Ciudad de Mexico,Distrito:12,P-503,dolores.padierna@diputados.gob.mx,8322
Dip. Mario Delgado Carrillo (LICENCIA),Mayoria Relativa,17-jun-72,Oscar Eugenio Gutierrez Camacho(en funciones),Ciudad de Mexico,Distrito:13,I-309,mario.delgado@diputados.gob.mx,61215
Dip. Alfonso Ramirez Cuellar,Mayoria Relativa,14-jun-59,Javier Uriel Aguirre Valenciana,Ciudad de Mexico,Distrito:14,H-268,alfonso.ramirez@diputados.gob.mx,61176
Dip. Luis Alberto Mendoza Acevedo,Mayoria Relativa,12-ene-80,Victor Manuel Mendoza Acevedo,Ciudad de Mexico,Distrito:15,D-087,luismendoza.a@diputados.gob.mx,59907
Dip. Silvia Lorena Villavicencio Ayala,Mayoria Relativa,12-jun-64,Alicia Torres San Juan,Ciudad de Mexico,Distrito:16,J-352,lorena.villavicencio@diputados.gob.mx,51108
Dip. Francisco Javier Saldivar Camacho,Mayoria Relativa,12-mar-67,Andres Amador Navarro,Ciudad de Mexico,Distrito:17,E-152,francisco.saldivar@diputados.gob.mx,61816
Dip. Ana Maria Rodriguez Ruiz,Mayoria Relativa,23-jul-62,Maria del Rosario Rojas Martinez,Ciudad de Mexico,Distrito:18,F-182,ana.rodriguez@diputados.gob.mx,61324
Dip. Aleida Alavez Ruiz,Mayoria Relativa,10-ene-74,Maria Concepcion Franco Rodriguez,Ciudad de Mexico,Distrito:19,K-395,aleida.alavez@diputados.gob.mx,61765
Dip. Ana Karina Rojo Pimentel,Mayoria Relativa,28-nov-76,Maribel Flores Garcia,Ciudad de Mexico,Distrito:20,D-116,ana.rojo@diputados.gob.mx,62050
Dip. Flor Ivone Morales Miranda (LICENCIA),Mayoria Relativa,05-oct-68,Karen Ivette Audiffred Fernandez(en funciones),Ciudad de Mexico,Distrito:21,F-183,flor.morales@diputados.gob.mx,61256
Dip. Victor Gabriel Varela Lopez,Mayoria Relativa,20-abr-73,Salvador Montes Villalba,Ciudad de Mexico,Distrito:22,F-184,victor.varela@diputados.gob.mx,61632
Dip. Pablo Gomez Alvarez,Mayoria Relativa,21-oct-46,Sandino Luna Almeida,Ciudad de Mexico,Distrito:23,J-354,escribe@pablogomez.org,61569
Dip. Guadalupe Ramos Sotelo,Mayoria Relativa,01-feb-74,Lucero Ramirez Ramirez,Ciudad de Mexico,Distrito:24,J-353,guadalupe.ramos@diputados.gob.mx,66373
Dip. Evaristo Lenin Perez Rivera,Mayoria Relativa,28-oct-66,Sergio Borja Castillo,Coahuila,Distrito:1,J-330,evaristo.perez@diputados.gob.mx,59901
Dip. Francisco Javier Borrego Adame,Mayoria Relativa,27-dic-54,Jorge Arturo Valdes Flores,Coahuila,Distrito:2,M-491,francisco.borrego@diputados.gob.mx,61597
Dip. Melba Nelia Farias Zambrano,Mayoria Relativa,06-jul-55,Angelica Ledesma Mesta,Coahuila,Distrito:3,M-494,melba.farias@diputados.gob.mx,61595
Dip. Martha Hortencia Garay Cadena,Mayoria Relativa,03-abr-55,Cynthia del Carmen Molano Serna,Coahuila,Distrito:4,P-505,martha.garay@diputados.gob.mx,59510
Dip. Luis Fernando Salazar Fernandez (LICENCIA),Mayoria Relativa,18-nov-77,Ulises Guadalupe Hernandez Torres,Coahuila,Distrito:5,K-402,luis.salazar@diputados.gob.mx,61458
Dip. Jose Angel Perez Hernandez (LICENCIA),Mayoria Relativa,01-mar-58,Jesus Gerardo Puentes Balderas(en funciones),Coahuila,Distrito:6,B-047,joseangel.perez@diputados.gob.mx,61812
Dip. Fernando Donato De las Fuentes Hernandez (LICENCIA),Mayoria Relativa,07-ago-60,Sergio Armando Sisbeles Alvarado(en funciones),Coahuila,Distrito:7,D-098,fernandodelasfuentes@diputados.gob.mx,59456
Dip. Claudia Valeria Yanez Centeno y Cabrera (LICENCIA),Mayoria Relativa,02-may-59,Sara Rizzo Garcia(en funciones),Colima,Distrito:1,D-109,claudia.yanezcenteno@diputados.gob.mx,61650
Dip. Indira Vizcaino Silva (LICENCIA),Mayoria Relativa,14-ene-87,Rosa Maria Bayardo Cabrera(en funciones),Colima,Distrito:2,H-274,indira.vizcaino@diputados.gob.mx,61790
Dip. Manuela del Carmen Obrador Narvaez,Mayoria Relativa,12-jun-71,Rebeca Arcos Sanchez,Chiapas,Distrito:1,M-467,manuela.obrador@diputados.gob.mx,61147
Dip. Humberto Pedrero Moreno (LICENCIA),Mayoria Relativa,26-may-86,Alfredo Antonio Gordillo Moreno(en funciones),Chiapas,Distrito:2,J-336,humberto.pedrero@diputados.gob.mx,61114
Dip. Alfredo Vazquez Vazquez (LICENCIA),Mayoria Relativa,27-ene-81,Manuel Torres Hernandez(en funciones),Chiapas,Distrito:3,M-465,alfredo.vazquez@diputados.gob.mx,61159
Dip. Roque Luis Rabelo Velasco,Mayoria Relativa,12-ago-44,Fidencio Castanon Reyes,Chiapas,Distrito:4,M-466,roque.rabelo@diputados.gob.mx,61149
Dip. Clementina Marta Dekker Gomez,Mayoria Relativa,10-abr-73,Flor de Maria Gonzalez Perez,Chiapas,Distrito:5,E-157,clementina.dekker@diputados.gob.mx,62008
Dip. Zoe Alejandro Robledo Aburto (LICENCIA),Mayoria Relativa,09-ene-79,Raul Eduardo Bonifaz Moedano(en funciones),Chiapas,Distrito:6,H-264,zoe.robledo@diputados.gob.mx,61157
Dip. Miguel Prado de los Santos,Mayoria Relativa,19-ene-84,Gonzalo de Jesus Moguel Rincon,Chiapas,Distrito:7,M-464,miguel.prado@diputados.gob.mx,61166
Dip. Maria Roselia Jimenez Perez,Mayoria Relativa,30-ago-59,Sonia Edith Arevalo Flores,Chiapas,Distrito:8,I-329,roselia.jimenez@diputados.gob.mx,62028
Dip. Leticia Arlett Aguilar Molina,Mayoria Relativa,01-mar-58,Liliana Garcia Albores,Chiapas,Distrito:9,L-427,leticia.aguilar@diputados.gob.mx,61155
Dip. Juan Enrique Farrera Esponda,Mayoria Relativa,21-mar-67,Alvaro Chanona Borges,Chiapas,Distrito:10,M-469,juan.farrera@diputados.gob.mx,61294
Dip. Roberto Antonio Rubio Montejo,Mayoria Relativa,20-abr-77,Rogelio Rayo Martinez,Chiapas,Distrito:11,G-214,roberto.rubio@diputados.gob.mx,59624
Dip. Jose Luis Elorza Flores,Mayoria Relativa,28-abr-73,Jose Alberto de Sancristobal Leon,Chiapas,Distrito:12,L-423,jose.elorza@diputados.gob.mx,61151
Dip. Maricruz Roblero Gordillo,Mayoria Relativa,26-oct-66,Gladys Mejia Rodriguez,Chiapas,Distrito:13,H-284,maricruz.roblero@diputados.gob.mx,62034
Dip. Maria Esther Mejia Cruz,Mayoria Relativa,08-jul-56,Elizabeth Guzman Argueta,Chihuahua,Distrito:1,K-414,maria.mejia@diputados.gob.mx,61227
Dip. Teresita de Jesus Vargas Meraz,Mayoria Relativa,16-dic-89,Yalia Naharai Romero Chavez,Chihuahua,Distrito:2,K-415,teresita.vargas@diputados.gob.mx,61245
Dip. Claudia Elena Lastra Munoz,Mayoria Relativa,13-ene-71,Daniela Beatriz Cabrera Fernandez,Chihuahua,Distrito:3,G-241,claudia.lastra@diputados.gob.mx,62036
Dip. Ulises Garcia Soto,Mayoria Relativa,29-mar-87,Cesar Omar Pena Ibarbol,Chihuahua,Distrito:4,J-370,ulises.garcia@diputados.gob.mx,61232
Dip. Mario Mata Carrasco,Mayoria Relativa,20-mar-62,Luis Carlos Gonzalez Nunez,Chihuahua,Distrito:5,H-246,mmata.carrasco@diputados.gob.mx,59887
Dip. Miguel Alonso Riggs Baeza,Mayoria Relativa,27-oct-75,Jaime Ricardo Fernandez Horcasitas,Chihuahua,Distrito:6,G-204,miguel.riggs@diputados.gob.mx,59914
Dip. Eraclio Rodriguez Gomez,Mayoria Relativa,04-ene-61,Luis Armando Dominguez Prado,Chihuahua,Distrito:7,K-416,eraclio.rodriguez@diputados.gob.mx,61230
Dip. Alan Jesus Falomir Saenz,Mayoria Relativa,23-feb-81,Eduardo Humberto Gameros Gardea,Chihuahua,Distrito:8,A-006,alan.falomir@diputados.gob.mx,62618
Dip. Maria de los Angeles Gutierrez Valdez (LICENCIA),Mayoria Relativa,08-mar-62,Sinai del Rocio Sanchez Huerta(en funciones),Chihuahua,Distrito:9,E-127,angeles.gutierrez@diputados.gob.mx,59907
Dip. Martha Olivia Garcia Vidana,Mayoria Relativa,04-may-69,Maria Ernestina Sarmiento Guevara,Durango,Distrito:1,I-323,olivia.garcia@diputados.gob.mx,61290
Dip. Alma Marina Vitela Rodriguez (LICENCIA),Mayoria Relativa,26-dic-65,Maria de Lourdes Montes Hernandez(en funciones),Durango,Distrito:2,I-325,alma.vitela@diputados.gob.mx,61291
Dip. Maribel Aguilera Chairez,Mayoria Relativa,20-dic-77,Martha Alicia Arreola Martinez,Durango,Distrito:3,E-150,maribel.aguilera@diputados.gob.mx,61577
Dip. Hilda Patricia Ortega Najera,Mayoria Relativa,10-ago-66,Lidia Beatriz Herrera Romero,Durango,Distrito:4,I-327,hilda.ortega@diputados.gob.mx,61282
Dip. Ariel Rodriguez Vazquez,Mayoria Relativa,01-nov-72,Pedro Arredondo Munoz,Guanajuato,Distrito:1,C-062,ariel.rodriguez@diputados.gob.mx,62650
Dip. Ricardo Villarreal Garcia,Mayoria Relativa,12-abr-81,Osvaldo Garcia Arteaga,Guanajuato,Distrito:2,F-169,ricardo.villarreal@diputados.gob.mx,59889
Dip. Ma. de los Angeles Ayala Diaz,Mayoria Relativa,02-ago-63,Blanca Marcia Chacon Hernandez,Guanajuato,Distrito:3,I-287,madelosangeles.ayala@diputados.gob.mx,59965
Dip. Juan Carlos Romero Hicks,Mayoria Relativa,10-dic-55,Jose Ricardo Narvaez Martinez,Guanajuato,Distrito:4,D-089,romero.hicks@diputados.gob.mx,3124-8280
Dip. Ector Jaime Ramirez Barba,Mayoria Relativa,01-dic-56,Ismael Sanchez Hernandez,Guanajuato,Distrito:5,C-053,ramirezbarba@diputados.gob.mx,59952
Dip. Ma. del Pilar Ortega Martinez,Mayoria Relativa,29-jun-68,Adriana Alejandra Del Rio Hinojosa,Guanajuato,Distrito:6,I-293,pilar.ortega@diputados.gob.mx,58110
Dip. Karen Michel Gonzalez Marquez,Mayoria Relativa,21-ene-88,Lucia Mendez Navarro,Guanajuato,Distrito:7,P-506,karen.gonzalez@diputados.gob.mx,59902
Dip. Justino Eugenio Arriaga Rojas,Mayoria Relativa,20-sep-79,Cesar Raymundo Gomez Garcia,Guanajuato,Distrito:8,C-052,justino.arriaga@diputados.gob.mx,59904
Dip. Janet Melanie Murillo Chavez,Mayoria Relativa,02-ago-81,Susana Bermudez Cano,Guanajuato,Distrito:9,F-165,janet.murillo@diputados.gob.mx,59885
Dip. Lilia Villafuerte Zavala,Mayoria Relativa,19-abr-63,Adriana Bustos Rodriguez,Guanajuato,Distrito:10,K-379,lilia.villafuerte@diputados.gob.mx,59622
Dip. Jorge Arturo Espadas Galvan,Mayoria Relativa,08-sep-75,Marco Antonio Hernandez Arellano,Guanajuato,Distrito:11,E-124,jorge.espadas@diputados.gob.mx,59891
Dip. Sarai Nunez Ceron,Mayoria Relativa,17-abr-79,Maria Eugenia Mosqueda Nieto,Guanajuato,Distrito:12,A-005,sarai.nunez@diputados.gob.mx,59890
Dip. Emmanuel Reyes Carmona,Mayoria Relativa,29-jun-87,Ramiro Zaragoza Ramirez,Guanajuato,Distrito:13,K-383,emmanuel.reyes@diputados.gob.mx,55147
Dip. Ma. Eugenia Leticia Espinosa Rivas,Mayoria Relativa,28-nov-61,Guadalupe Monserrat Mendoza Cano,Guanajuato,Distrito:14,D-086,eugenia.espinosa@diputados.gob.mx,59910
Dip. Sergio Fernando Ascencio Barba,Mayoria Relativa,09-dic-77,Ricardo Andres Herrejon Catala,Guanajuato,Distrito:15,F-162,sergio.ascencio@diputados.gob.mx,59954
Dip. Victor Adolfo Mojica Wences,Mayoria Relativa,24-mar-58,Mario Hector Mojica Escalante,Guerrero,Distrito:1,D-104,victor.mojica@diputados.gob.mx,61342
Dip. Araceli Ocampo Manzanares,Mayoria Relativa,15-oct-72,Elizabeth Figueroa Elguera,Guerrero,Distrito:2,D-103,araceli.ocampo@diputados.gob.mx,61332
Dip. Ma. del Carmen Cabrera Lagunas (LICENCIA),Mayoria Relativa,30-dic-71,Coyolxauhqui Soria Morales(en funciones),Guerrero,Distrito:3,C-077,madelcarmen.cabrera@diputados.gob.mx,61835
Dip. Abelina Lopez Rodriguez (LICENCIA),Mayoria Relativa,23-sep-65,Leticia Lozano Zavala(en funciones),Guerrero,Distrito:4,C-067,abelina.lopez@diputados.gob.mx,61340
Dip. Javier Manzano Salazar,Mayoria Relativa,05-jun-63,Fredy de Jesus Castro Guevara,Guerrero,Distrito:5,D-105,javier.manzano@diputados.gob.mx,61334
Dip. Raymundo Garcia Gutierrez (LICENCIA),Mayoria Relativa,04-jul-63,Jorge Casarrubias Vazquez(en funciones),Guerrero,Distrito:6,L-417,raymundo.garcia@diputados.gob.mx,62422
Dip. Carlos Sanchez Barrios,Mayoria Relativa,17-ago-57,Bulmaro Muniz Olmedo,Guerrero,Distrito:7,E-145,carlos.sanchezb@diputados.gob.mx,61330
Dip. Ruben Cayetano Garcia,Mayoria Relativa,10-ago-69,Gregorio Ruano Alcaraz,Guerrero,Distrito:8,C-068,ruben.cayetano@diputados.gob.mx,61212
Dip. Maria del Rosario Merlin Garcia (LICENCIA),Mayoria Relativa,01-nov-64,Joaquina Hernandez Aguero(en funciones),Guerrero,Distrito:9,D-101,maria.merlin@diputados.gob.mx,61328
Dip. Fortunato Rivera Castillo,Mayoria Relativa,17-nov-55,Gelacio Velazquez Hernandez,Hidalgo,Distrito:1,B-043,fortunato.rivera@diputados.gob.mx,61742
Dip. Cipriano Charrez Pedraza (LICENCIA),Mayoria Relativa,16-sep-70,Gustavo Callejas Romero(en funciones),Hidalgo,Distrito:2,D-110,cipriano.charrez@diputados.gob.mx,61732
Dip. Simey Olvera Bautista,Mayoria Relativa,20-ago-83,Carina Lopez Ayala,Hidalgo,Distrito:3,C-075,simey.olvera@diputados.gob.mx,61746
Dip. Maria Isabel Alfaro Morales,Mayoria Relativa,24-feb-66,Ma. Guadalupe Loredo Gonzales,Hidalgo,Distrito:4,B-045,maria.alfaro@diputados.gob.mx,61730
Dip. Julio Cesar Angeles Mendoza,Mayoria Relativa,24-oct-71,Luis Eduardo Duran Garcia,Hidalgo,Distrito:5,A-018,julio.angeles@diputados.gob.mx,61743
Dip. Lidia Garcia Anaya,Mayoria Relativa,31-oct-57,Maria de la Luz Rubio Gonzalez,Hidalgo,Distrito:6,B-044,lidia.garcia@diputados.gob.mx,61738
Dip. Jannet Tellez Infante,Mayoria Relativa,08-ene-79,Flora Cervantes Reyes,Hidalgo,Distrito:7,C-074,jannet.tellez@diputados.gob.mx,61748
Dip. Eduardo Ron Ramos (LICENCIA),Mayoria Relativa,24-feb-75,Luis Enrique Vargas Diaz(en funciones),Jalisco,Distrito:1,B-031,eduardo.ron@diputados.gob.mx,57117
Dip. Martha Estela Romo Cuellar,Mayoria Relativa,14-mar-85,Maria del Refugio Oros Reyes,Jalisco,Distrito:2,F-164,estela.romo@diputados.gob.mx,59892
Dip. Guadalupe Romo Romo,Mayoria Relativa,22-mar-62,Marco Antonio Isaac Gonzalez,Jalisco,Distrito:3,G-208,guadalupe.romo@diputados.gob.mx,59909
Dip. Mario Alberto Rodriguez Carrillo,Mayoria Relativa,14-mar-67,Salvador Garcia Arenas,Jalisco,Distrito:4,A-008,mario.rodriguez@diputados.gob.mx,55114
Dip. Lorena del Socorro Jimenez Andrade,Mayoria Relativa,21-oct-59,Ma. Esperanza Ortiz Rodriguez,Jalisco,Distrito:5,M-498,lorena.jimenez@diputados.gob.mx,61636
Dip. Fabiola Raquel Guadalupe Loya Hernandez,Mayoria Relativa,05-nov-74,Elsa Noemi Mayorga Ochoa,Jalisco,Distrito:6,D-092,fabiola.loya@diputados.gob.mx,62608
Dip. Juan Carlos Villarreal Salazar (LICENCIA),Mayoria Relativa,11-ago-74,Jose Carlos Marroquin Gomez(en funciones),Jalisco,Distrito:7,G-211,jcarlos.villarreal@diputados.gob.mx,62656
Dip. Abril Alcala Padilla (LICENCIA),Mayoria Relativa,28-abr-79,Susana Priscila Alvarez Hernandez(en funciones),Jalisco,Distrito:8,L-421,abril.alcala@diputados.gob.mx,55123
Dip. Carmen Julia Prudencio Gonzalez,Mayoria Relativa,30-jun-77,Irene Garcia Martinez,Jalisco,Distrito:9,F-170,carmen.prudencio@diputados.gob.mx,62636
Dip. Geraldina Isabel Herrera Vega,Mayoria Relativa,24-abr-63,Paz Rebeca Padilla Jimenez,Jalisco,Distrito:10,A-007,geraldina.herrera@diputados.gob.mx,62628
Dip. Kehila Abigail Ku Escalante (LICENCIA),Mayoria Relativa,02-sep-85,Irma Sanchez Manzo(en funciones),Jalisco,Distrito:11,B-033,kehila.ku@diputados.gob.mx,62630
Dip. Adriana Gabriela Medina Ortiz,Mayoria Relativa,25-jun-79,Maria Asencion Alvarez Solis,Jalisco,Distrito:12,F-171,gabriela.medina@diputados.gob.mx,62632
Dip. Lourdes Celenia Contreras Gonzalez (LICENCIA),Mayoria Relativa,29-dic-84,Violeta Mariana Parra Garcia(en funciones),Jalisco,Distrito:13,E-130,lourdes.contreras@diputados.gob.mx,62612
Dip. Juan Francisco Ramirez Salcido (LICENCIA),Mayoria Relativa,25-mar-69,Humberto Ramon Jarero Cornejo(en funciones),Jalisco,Distrito:14,E-132,jfrancisco.ramirez@diputados.gob.mx,62646
Dip. Absalon Garcia Ochoa,Mayoria Relativa,23-sep-71,Francisco Perales Jacobo,Jalisco,Distrito:15,G-210,absalon.garcia@diputados.gob.mx,59889
Dip. Laura Imelda Perez Segura,Mayoria Relativa,30-may-80,Socorro Lopez Martinez,Jalisco,Distrito:16,L-458,imelda.perez@diputados.gob.mx,59151
Dip. Juan Martin Espinoza Cardenas,Mayoria Relativa,11-jul-72,Santiago Ledezma Orozco,Jalisco,Distrito:17,G-212,juan.espinoza@diputados.gob.mx,62614
Dip. Monica Almeida Lopez (LICENCIA),Mayoria Relativa,03-abr-70,Karem Zobeida Vargas Pelayo(en funciones),Jalisco,Distrito:18,K-376,monica.almeida@diputados.gob.mx,55135
Dip. Alberto Esquer Gutierrez (LICENCIA),Mayoria Relativa,07-nov-78,Higinio Del Toro Perez,Jalisco,Distrito:19,D-093,alberto.esquer@diputados.gob.mx,62616
Dip. Ana Priscila Gonzalez Garcia (LICENCIA),Mayoria Relativa,13-may-84,Maria del Refugio Alvarado Romo(en funciones),Jalisco,Distrito:20,C-061,priscila.gonzalez@diputados.gob.mx,62626
Dip. Ricardo Aguilar Castillo,Mayoria Relativa,05-ago-70,Rogelio Enrique Valdez Valdez,Mexico,Distrito:1,E-138,raguilar.castillo@diputados.gob.mx,59446
Dip. Dionicia Vazquez Garcia,Mayoria Relativa,29-mar-48,Elena Laura Flores Martinez,Mexico,Distrito:2,H-283,dionicia.vazquez@diputados.gob.mx,62058
Dip. Maria Teresa Maru Mejia,Mayoria Relativa,29-oct-58,Maria de Lourdes Rios Garcia,Mexico,Distrito:3,E-158,maria.maru@diputados.gob.mx,62022
Dip. Nelly Minerva Carrasco Godinez,Mayoria Relativa,16-mar-82,Rosario Cruz Salinas,Mexico,Distrito:4,E-147,nelly.carrasco@diputados.gob.mx,61478
Dip. Francisco Favela Penunuri,Mayoria Relativa,15-abr-55,Apolinar Zuniga Quijada,Mexico,Distrito:5,I-328,francisco.favela@diputados.gob.mx,62046
Dip. Carolina Garcia Aguilar,Mayoria Relativa,22-sep-76,Karla Ivette Calva Aleman,Mexico,Distrito:6,C-079,cgarcia.aguilar@diputados.gob.mx,61848
Dip. Xochitl Nashielly Zagal Ramirez (LICENCIA),Mayoria Relativa,28-may-90,Laura Monica Guerra Navarro(en funciones),Mexico,Distrito:7,F-188,xochitl.zagal@diputados.gob.mx,61462
Dip. Gustavo Contreras Montes,Mayoria Relativa,11-jun-80,Guillermo Diaz Gonzalez Flores,Mexico,Distrito:8,F-193,gustavo.contreras@diputados.gob.mx,61500
Dip. Eduardo Zarzosa Sanchez (LICENCIA),Mayoria Relativa,16-dic-73,Jesus Wenceslao Rangel de la O(en funciones),Mexico,Distrito:9,J-345,eduardo.zarzosa@diputados.gob.mx,59516
Dip. Alma Delia Navarrete Rivera,Mayoria Relativa,29-jul-72,Teresa Escobar Briones,Mexico,Distrito:10,E-146,alma.navarrete@diputados.gob.mx,61504
Dip. Maria Eugenia Hernandez Perez,Mayoria Relativa,20-mar-61,Natalia Benitez Torres,Mexico,Distrito:11,F-187,eugenia.hernandez@diputados.gob.mx,61556
Dip. Felipe Rafael Arvizu De la Luz,Mayoria Relativa,09-sep-74,Pedro Antonio Vera Flores,Mexico,Distrito:12,D-107,felipe.arvizu@diputados.gob.mx,61482
Dip. Maria Elizabeth Diaz Garcia,Mayoria Relativa,10-feb-71,Gabriela Hernandez Cruz,Mexico,Distrito:13,E-149,maria.diaz@diputados.gob.mx,61495
Dip. Claudia Angelica Dominguez Vazquez,Mayoria Relativa,13-sep-77,Karla Paola Peniche Rodriguez,Mexico,Distrito:14,C-082,claudia.dominguez@diputados.gob.mx,62032
Dip. Raul Ernesto Sanchez Barrales Zavalza,Mayoria Relativa,19-dic-71,Jose Francisco Lara Hernandez,Mexico,Distrito:15,I-315,raul.sanchezbarrales@diputados.gob.mx,61502
Dip. Emilio Manzanilla Tellez,Mayoria Relativa,10-abr-71,Jose Antonio Garcia Hernandez,Mexico,Distrito:16,E-159,emilio.manzanilla@diputados.gob.mx,62026
Dip. Maria Guadalupe Roman Avila,Mayoria Relativa,24-feb-73,Katia Gonzalez Hernandez,Mexico,Distrito:17,G-230,guadalupe.roman@diputados.gob.mx,61426
Dip. Claudia Reyes Montiel,Mayoria Relativa,07-feb-74,Maria Gisela Alejandra Parra Flores,Mexico,Distrito:18,M-459,claudia.reyes@diputados.gob.mx,55105
Dip. Ulises Murguia Soto,Mayoria Relativa,09-jul-63,Jose Daniel Alfonso Hernandez Ramirez,Mexico,Distrito:19,H-272,ulises.murguia@diputados.gob.mx,61488
Dip. Juan Pablo Sanchez Rodriguez,Mayoria Relativa,29-abr-79,Luis Miguel Rodriguez Hernandez,Mexico,Distrito:20,G-234,pablo.sanchez@diputados.gob.mx,61491
Dip. Graciela Sanchez Ortiz,Mayoria Relativa,18-feb-59,Brenda Anahi Garcia Diaz,Mexico,Distrito:21,E-148,graciela.sanchez@diputados.gob.mx,61492
Dip. Maria Teresa Rebeca Rosa Mora Rios,Mayoria Relativa,11-may-52,Juana Berenice Montoya Marquez,Mexico,Distrito:22,F-191,teresa.mora@diputados.gob.mx,61474
Dip. David Orihuela Nava,Mayoria Relativa,31-ene-85,Nivardo Torres Siles,Mexico,Distrito:23,H-270,david.orihuela@diputados.gob.mx,61466
Dip. Maria de los Angeles Huerta del Rio,Mayoria Relativa,10-ago-62,Korina Angelica Esquinca Gonzalez,Mexico,Distrito:24,G-227,angeles.huerta@diputados.gob.mx,61430
Dip. Delfino (DECESO) Lopez Aparicio (LICENCIA),Mayoria Relativa,09-feb-60,Silvestre Lopez Cornejo(en funciones),Mexico,Distrito:25,G-233,delfino.lopez@diputados.gob.mx,61468
Dip. Esmeralda de los Angeles Moreno Medina,Mayoria Relativa,19-dic-86,Maria del Pilar Terron Ramirez,Mexico,Distrito:26,B-046,esmeralda.moreno@diputados.gob.mx,61814
Dip. Oscar Gonzalez Yanez,Mayoria Relativa,06-oct-64,Luis Osvaldo Lopez Dotor,Mexico,Distrito:27,F-202,oscar.gonzalez@diputados.gob.mx,62064
Dip. Roberto Angel Dominguez Rodriguez,Mayoria Relativa,27-ene-80,Pedro Eduardo Pineda Delgado,Mexico,Distrito:28,H-269,roberto.dominguez@diputados.gob.mx,61460
Dip. Martha Robles Ortiz,Mayoria Relativa,25-abr-62,Gabriela Guadalupe Martinez Maldonado,Mexico,Distrito:29,F-189,martha.robles@diputados.gob.mx,61422
Dip. Cesar Agustin Hernandez Perez,Mayoria Relativa,01-mar-80,Juan Gabriel Mendez Gonzalez,Mexico,Distrito:30,I-314,cesar.hernandez@diputados.gob.mx,61438
Dip. Juan Angel Bautista Bravo,Mayoria Relativa,25-jul-81,Jose Guadalupe Gonzalez Vargas,Mexico,Distrito:31,D-106,juan.bautista@diputados.gob.mx,66376
Dip. Luis Enrique Martinez Ventura,Mayoria Relativa,19-ago-63,Jaime Gonzalo Vargas Alvarez,Mexico,Distrito:32,H-285,luisenrique.martinez@diputados.gob.mx,62020
Dip. Vicente Alberto Onofre Vazquez,Mayoria Relativa,06-abr-69,Gabriel Torres Duenas,Mexico,Distrito:33,I-322,vicente.onofre@diputados.gob.mx,54244
Dip. Miroslava Carrillo Martinez (LICENCIA),Mayoria Relativa,05-may-73,Maria Guadalupe Diaz Avilez(en funciones),Mexico,Distrito:34,I-313,miroslava.carrillo@diputados.gob.mx,61484
Dip. Arturo Roberto Hernandez Tapia,Mayoria Relativa,05-may-61,Felipe Vidal Gomez,Mexico,Distrito:35,G-231,arturo.hernandez@diputados.gob.mx,61486
Dip. Cruz Juvenal Roa Sanchez,Mayoria Relativa,10-may-68,Rigoberto Lopez Rivera,Mexico,Distrito:36,I-302,cruz.roa@diputados.gob.mx,59442
Dip. Pedro Mario Zenteno Santaella (LICENCIA),Mayoria Relativa,13-sep-60,Edgar Eduardo Arenas Madrigal(en funciones),Mexico,Distrito:37,E-150,pedro.zenteno@diputados.gob.mx,61428
Dip. Karla Yuritzi Almazan Burgos,Mayoria Relativa,27-ago-74,Maria Imelda Agustina Yescas Ruiz,Mexico,Distrito:38,I-313,karla.almazan@diputados.gob.mx,53109
Dip. Jose Luis Montalvo Luna,Mayoria Relativa,29-abr-60,Ivan Morales Velasco,Mexico,Distrito:39,E-160,jose.montalvo@diputados.gob.mx,62007
Dip. Marco Antonio Reyes Colin,Mayoria Relativa,18-may-81,Adrian Estrada Arriaga,Mexico,Distrito:40,F-186,marco.reyes@diputados.gob.mx,61480
Dip. Nancy Claudia Resendiz Hernandez,Mayoria Relativa,19-dic-77,Diana Laura Zamora Orihuela,Mexico,Distrito:41,H-277,nancy.resendiz@diputados.gob.mx,61841
Dip. Feliciano Flores Anguiano,Mayoria Relativa,28-may-71,Humberto Soberano Ramirez,Michoacan,Distrito:1,I-318,feliciano.flores@diputados.gob.mx,61132
Dip. Esteban Barajas Barajas,Mayoria Relativa,20-ene-59,Indalecio Cortes Gamez,Michoacan,Distrito:2,I-319,esteban.barajas@diputados.gob.mx,61120
Dip. Mary Carmen Bernal Martinez,Mayoria Relativa,24-ago-84,Rosa Mayra Garcia Arellano,Michoacan,Distrito:3,E-156,mary.bernal@diputados.gob.mx,62056
Dip. Armando Tejeda Cid,Mayoria Relativa,21-sep-84,J. Jesus Mendoza Torres,Michoacan,Distrito:4,D-083,armando.tejeda@diputados.gob.mx,59965
Dip. Yolanda Guerrero Barrera,Mayoria Relativa,21-feb-64,Giselle Garcia Ibarra,Michoacan,Distrito:5,J-356,yolanda.guerrero@diputados.gob.mx,61118
Dip. Anita Sanchez Castro,Mayoria Relativa,07-ene-68,Maria de Jesus Juarez Garcia,Michoacan,Distrito:6,J-358,anita.sanchez@diputados.gob.mx,61124
Dip. Gonzalo Herrera Perez,Mayoria Relativa,07-jul-55,Miguel Angel Cuin Simon,Michoacan,Distrito:7,I-321,gonzalo.herrera@diputados.gob.mx,61112
Dip. Ana Lilia Guillen Quiroz,Mayoria Relativa,05-feb-55,Ruth Yolotli Manriquez Lopez,Michoacan,Distrito:8,J-355,ana.guillen@diputados.gob.mx,61122
Dip. Ignacio Benjamin Campos Equihua (LICENCIA),Mayoria Relativa,12-may-73,Jorge Alberto Mendoza Reyes(en funciones),Michoacan,Distrito:9,I-317,ignacio.campos@diputados.gob.mx,61134
Dip. Ivan Arturo Perez Negron Ruiz (LICENCIA),Mayoria Relativa,20-jul-74,Jose Misael Lopez Diaz(en funciones),Michoacan,Distrito:10,A-019,ivan.pereznegron@diputados.gob.mx,61879
Dip. Jose Guadalupe Aguilera Rojas,Mayoria Relativa,12-dic-71,Marco Antonio Bastida Bastida,Michoacan,Distrito:11,L-420,josegpe.aguilera@diputados.gob.mx,62404
Dip. Francisco Javier Huacus Esquivel,Mayoria Relativa,26-ago-86,Genaro Maya Talavera,Michoacan,Distrito:12,C-081,francisco.huacus@diputados.gob.mx,62018
Dip. Alejandro Mojica Toledo,Mayoria Relativa,12-ene-55,Omar Alfonso Barrera Hernandez,Morelos,Distrito:1,G-221,alejandro.mojica@diputados.gob.mx,61354
Dip. Alejandra Pani Barragan,Mayoria Relativa,17-jul-64,Esmeralda Flores Carranza,Morelos,Distrito:2,G-222,alejandra.pani@diputados.gob.mx,61362
Dip. Juanita Guerra Mena,Mayoria Relativa,19-mar-83,Erika Hernandez Gordillo,Morelos,Distrito:3,F-181,juanita.guerra@diputados.gob.mx,61360
Dip. Jorge Arturo Arguelles Victorero,Mayoria Relativa,13-may-81,Alejandro Rondin Cruz,Morelos,Distrito:4,F-194,jorge.arguelles@diputados.gob.mx,61804
Dip. Jose Guadalupe Ambrocio Gachuz,Mayoria Relativa,12-dic-60,Oscar Mejia Garcia,Morelos,Distrito:5,F-179,jose.ambrocio@diputados.gob.mx,61358
Dip. Miguel Pavel Jarero Velazquez,Mayoria Relativa,19-oct-77,Francisco Jimenez Lopez,Nayarit,Distrito:1,G-238,miguel.jarero@diputados.gob.mx,61628
Dip. Maria Geraldine Ponce Mendez (LICENCIA),Mayoria Relativa,04-abr-94,Africa Azucena Sanchez Hernandez,Nayarit,Distrito:2,H-280,maria.ponce@diputados.gob.mx,61619
Dip. Mirtha Iliana Villalvazo Amaya (LICENCIA),Mayoria Relativa,02-dic-80,Anabel Margarita Guerrero Benitez,Nayarit,Distrito:3,G-239,mirtha.villalvazo@diputados.gob.mx,61617
Dip. Hernan Salinas Wolberg,Mayoria Relativa,01-abr-82,Jorge Alberto Arrambide Montemayor,Nuevo Leon,Distrito:1,G-205,hernan.salinas@diputados.gob.mx,59917
Dip. Maria Guillermina Alvarado Moreno,Mayoria Relativa,26-dic-68,Rebeca Lidia Garcia Vallejo,Nuevo Leon,Distrito:2,L-448,maria.alvarado@diputados.gob.mx,61775
Dip. Jose Luis Garcia Duque,Mayoria Relativa,08-nov-67,Juan Hugo Lopez Flores,Nuevo Leon,Distrito:3,A-022,jgarcia.duque@diputados.gob.mx,67893
Dip. Ricardo Flores Suarez,Mayoria Relativa,05-ago-77,Julio Cesar Alvarado Mendoza,Nuevo Leon,Distrito:4,H-242,ricardo.flores@diputados.gob.mx,59917
Dip. Santiago Gonzalez Soto,Mayoria Relativa,25-jun-61,Pedro Vazquez Gonzalez,Nuevo Leon,Distrito:5,F-200,santiago.gonzalez@diputados.gob.mx,62122
Dip. Annia Sarahi Gomez Cardenas,Mayoria Relativa,06-jul-83,Alejandra Soria Gutierrez,Nuevo Leon,Distrito:6,B-028,annia.gomez@diputados.gob.mx,59904
Dip. Laura Erika de Jesus Garza Gutierrez (LICENCIA),Mayoria Relativa,19-ago-77,Febe Priscila Benavides Lozano(en funciones),Nuevo Leon,Distrito:7,H-279,laura.garza@diputados.gob.mx,61869
Dip. Ernesto Vargas Contreras (LICENCIA),Mayoria Relativa,06-mar-77,Jose Rolando Benavides Mendiola(en funciones),Nuevo Leon,Distrito:8,E-153,ernesto.vargas@diputados.gob.mx,55265
Dip. Juan Francisco Espinoza Eguia,Mayoria Relativa,10-nov-71,Jesus Guillermo Aguilar Gonzalez,Nuevo Leon,Distrito:9,D-097,francisco.espinoza@diputados.gob.mx,59430
Dip. Jose Martin Lopez Cisneros (LICENCIA),Mayoria Relativa,11-nov-72,Juan Martin Garcia Marquez(en funciones),Nuevo Leon,Distrito:10,F-168,jose.lopez@diputados.gob.mx,59900
Dip. Ernesto Alfonso Robledo Leal (LICENCIA),Mayoria Relativa,06-jun-76,Rafael Alejandro Serna Vega(en funciones),Nuevo Leon,Distrito:11,K-373,alfonso.robledo@diputados.gob.mx,59917
Dip. Sandra Paola Gonzalez Castaneda,Mayoria Relativa,31-mar-79,Perla Elizabeth Carrizales Cardenas,Nuevo Leon,Distrito:12,L-450,sandra.gonzalez@diputados.gob.mx,61778
Dip. Irineo Molina Espinoza,Mayoria Relativa,13-jun-76,Jorge Luis Estrada Rodriguez,Oaxaca,Distrito:1,J-349,irineo.molina@diputados.gob.mx,61196
Dip. Irma Juan Carlos,Mayoria Relativa,19-jul-77,Maria Fernanda Barbosa Sosa,Oaxaca,Distrito:2,H-260,irma.juan@diputados.gob.mx,61206
Dip. Margarita Garcia Garcia,Mayoria Relativa,26-ene-66,Dalia Leticia Lopez Herrera,Oaxaca,Distrito:3,B-049,margarita.garcia@diputados.gob.mx,62038
Dip. Azael Santiago Chepi,Mayoria Relativa,15-dic-77,Joel Javier Nicolas,Oaxaca,Distrito:4,H-263,azael.santiago@diputados.gob.mx,61194
Dip. Carol Antonio Altamirano,Mayoria Relativa,13-dic-63,Rigoberto Quecha Molina,Oaxaca,Distrito:5,H-262,carol.antonio@diputados.gob.mx,61200
Dip. Beatriz Dominga Perez Lopez,Mayoria Relativa,24-ago-75,Virginia Merino Garcia,Oaxaca,Distrito:6,I-307,beatriz.perez@diputados.gob.mx,61182
Dip. Rosalinda Dominguez Flores,Mayoria Relativa,06-sep-70,Maria Antonia Pineda Ruiz,Oaxaca,Distrito:7,I-305,rosalinda.dominguez@diputados.gob.mx,61208
Dip. Benjamin Robles Montoya,Mayoria Relativa,08-nov-59,Gonzalo Jesus Aquino Ramirez,Oaxaca,Distrito:8,D-117,benjamin.robles@diputados.gob.mx,62102
Dip. Maria del Carmen Bautista Pelaez,Mayoria Relativa,04-abr-91,Yesenia Rios Ruiz,Oaxaca,Distrito:9,H-261,maria.bautista@diputados.gob.mx,61184
Dip. Daniel Gutierrez Gutierrez,Mayoria Relativa,15-feb-76,Azael Jacinto Garcia,Oaxaca,Distrito:10,J-348,daniel.gutierrez@diputados.gob.mx,61525
Dip. Miguel Acundo Gonzalez (LICENCIA),Mayoria Relativa,29-sep-61,Jose Francisco Esquitin Alonso(en funciones),Puebla,Distrito:1,D-113,miguel.acundo@diputados.gob.mx,61852
Dip. Maiella Martha Gabriela Gomez Maldonado,Mayoria Relativa,26-sep-74,Maricela Gonzalez Juarez,Puebla,Distrito:2,F-173,maiella.gomez@diputados.gob.mx,62622
Dip. Claudia Baez Ruiz,Mayoria Relativa,20-oct-72,Esther Martinez Romano,Puebla,Distrito:3,D-112,claudia.baez@diputados.gob.mx,61863
Dip. Ines Parra Juarez,Mayoria Relativa,20-abr-78,Maria Isabel Torres Bravo,Puebla,Distrito:4,B-039,ines.parra@diputados.gob.mx,61543
Dip. Lizeth Sanchez Garcia (LICENCIA),Mayoria Relativa,03-nov-76,Martha Huerta Hernandez(en funciones),Puebla,Distrito:5,F-199,lizeth.sanchez@diputados.gob.mx,62048
Dip. Alejandro Carvajal Hidalgo,Mayoria Relativa,02-ago-80,Iztac Hernandez Quiterio,Puebla,Distrito:6,A-014,alejandro.carvajal@diputados.gob.mx,61553
Dip. Edgar Guzman Valdez,Mayoria Relativa,19-abr-92,Eloy Acata Martinez,Puebla,Distrito:7,P-508,edgar.guzman@diputados.gob.mx,61455
Dip. Julieta Kristal Vences Valencia,Mayoria Relativa,24-oct-86,Marisol Prieto Avendano,Puebla,Distrito:8,A-015,julieta.vences@diputados.gob.mx,61537
Dip. Jose Guillermo Arechiga Santamaria,Mayoria Relativa,02-sep-58,Alfonso Perez Arroyo,Puebla,Distrito:9,B-040,jose.arechiga@diputados.gob.mx,61539
Dip. Nayeli Salvatori Bojalil,Mayoria Relativa,26-ago-85,Esperanza Estela Chilaca Munoz,Puebla,Distrito:10,D-111,nayeli.salvatori@diputados.gob.mx,61832
Dip. Benjamin Saul Huerta Corona,Mayoria Relativa,31-mar-58,Mario Enrique Aguilar Caldelas,Puebla,Distrito:11,A-013,benjamin.huerta@diputados.gob.mx,61557
Dip. Fernando Luis Manzanilla Prieto,Mayoria Relativa,10-may-68,Eudoxio Morales Flores,Puebla,Distrito:12,F-195,fernando.manzanilla@diputados.gob.mx,61800
Dip. Hector Guillermo de Jesus Jimenez y Meneses (LICENCIA),Mayoria Relativa,24-nov-45,Julian Pena Hidalgo(en funciones),Puebla,Distrito:13,C-070,hector.jimenez@diputados.gob.mx,61547
Dip. Nelly Maceda Carrera,Mayoria Relativa,05-feb-79,Carolina Gaspar Ramirez,Puebla,Distrito:14,B-041,nelly.maceda@diputados.gob.mx,61559
Dip. Alejandro Barroso Chavez,Mayoria Relativa,04-ene-81,Paulino Olivier Montero,Puebla,Distrito:15,B-038,alejandro.barroso@diputados.gob.mx,61541
Dip. Sonia Rocha Acosta,Mayoria Relativa,30-mar-78,Gricelda Otero Hernandez,Queretaro,Distrito:1,G-209,sonia.rocha@diputados.gob.mx,59892
Dip. Jorge Luis Montes Nieves,Mayoria Relativa,14-ene-81,Rogelio Resendiz Acevedo,Queretaro,Distrito:2,L-446,jorge.montes@diputados.gob.mx,61609
Dip. Beatriz Silvia Robles Gutierrez,Mayoria Relativa,24-mar-65,Adelina Alcantara Plata,Queretaro,Distrito:3,L-447,beatriz.robles@diputados.gob.mx,61611
Dip. Felipe Fernando Macias Olvera,Mayoria Relativa,04-abr-86,Raul Jaime Perez,Queretaro,Distrito:4,D-085,felipe.macias@diputados.gob.mx,59887
Dip. Ana Paola Lopez Birlain,Mayoria Relativa,21-sep-81,Gabriela Castro Jasso,Queretaro,Distrito:5,B-026,ana.lopez@diputados.gob.mx,59980
Dip. Adriana Paulina Teissier Zavala,Mayoria Relativa,20-jul-67,Isela Betzabe Zetina Molina,Quintana Roo,Distrito:1,G-235,adriana.teissier@diputados.gob.mx,61853
Dip. Carmen Patricia Palma Olvera,Mayoria Relativa,13-ene-58,Erika Edith Lopez Lara,Quintana Roo,Distrito:2,L-440,carmen.palma@diputados.gob.mx,61565
Dip. Mildred Concepcion Avila Vera,Mayoria Relativa,05-dic-65,Ruby Marivel Canto Rosado,Quintana Roo,Distrito:3,L-439,mildred.avila@diputados.gob.mx,61382
Dip. Jesus de los Angeles Pool Moo (LICENCIA),Mayoria Relativa,22-dic-69,Victor Gilberto Aguilar Espinosa(en funciones),Quintana Roo,Distrito:4,K-378,jesus.pool@diputados.gob.mx,61376
Dip. Ma. Sara Rocha Medina,Mayoria Relativa,09-oct-67,Maria del Carmen Mata Valenzuela,San Luis Potosi,Distrito:1,P-502,sara.rocha@diputados.gob.mx,8268
Dip. Jose Ricardo Gallardo Cardona,Mayoria Relativa,18-nov-80,Raul Ivan Lopez Guzman,San Luis Potosi,Distrito:2,J-336,ricardo.gallardo@diputados.gob.mx,8395
Dip. Oscar Bautista Villegas,Mayoria Relativa,06-feb-64,Rodolfo Isaac Monsivais Morquecho,San Luis Potosi,Distrito:3,H-254,oscar.bautista@diputados.gob.mx,59620
Dip. Jose Ricardo Delsol Estrada,Mayoria Relativa,29-mar-64,Antolin Guerrero Marquez,San Luis Potosi,Distrito:4,M-486,josericardo.delsol@diputados.gob.mx,61579
Dip. Josefina Salazar Baez,Mayoria Relativa,29-ene-74,Zaira Rivera Hervert,San Luis Potosi,Distrito:5,H-244,josefina.salazar@diputados.gob.mx,59956
Dip. Ma. Guadalupe Almaguer Pardo (LICENCIA),Mayoria Relativa,26-ago-61,Leticia Martinez Gomez(en funciones),San Luis Potosi,Distrito:6,L-418,guadalupe.almaguer@diputados.gob.mx,55119
Dip. Marcelino Rivera Hernandez,Mayoria Relativa,26-abr-84,Juan Marcos Garcia Hernandez,San Luis Potosi,Distrito:7,F-163,marcelino.rivera@diputados.gob.mx,59887
Dip. Maximiliano (Deceso) Ruiz Arias (LICENCIA),Mayoria Relativa,16-jul-46,Jose Mario Osuna Medina(en funciones),Sinaloa,Distrito:1,J-363,maximiliano.ruiz@diputados.gob.mx,61700
Dip. Jose Jaime Montes Salas (LICENCIA),Mayoria Relativa,20-feb-54,Carlos Ivan Ayala Bobadilla(en funciones),Sinaloa,Distrito:2,I-324,jaime.montes@diputados.gob.mx,61652
Dip. Jesus Fernando Garcia Hernandez,Mayoria Relativa,30-may-58,Willian Demirel Salazar Serrano,Sinaloa,Distrito:3,J-367,jesus.garcia@diputados.gob.mx,61654
Dip. Casimiro Zamora Valdez,Mayoria Relativa,15-nov-58,Jose de Jesus Pacheco Ruiz,Sinaloa,Distrito:4,J-364,casimiro.zamora@diputados.gob.mx,61644
Dip. Nancy Yadira Santiago Marcos,Mayoria Relativa,04-may-80,Guadalupe Raquel de la Paz Aguirre,Sinaloa,Distrito:5,J-365,yadira.marcos@diputados.gob.mx,61667
Dip. Olegaria Carrazco Macias,Mayoria Relativa,12-abr-60,Amalia Garcia Martinez,Sinaloa,Distrito:6,J-366,olegaria.carrazco@diputados.gob.mx,61696
Dip. Merary Villegas Sanchez (LICENCIA),Mayoria Relativa,20-abr-87,Ana Alicia Cervantes Contreras(en funciones),Sinaloa,Distrito:7,J-361,merary.villegas@diputados.gob.mx,61698
Dip. Manuel de Jesus Baldenebro Arredondo (LICENCIA),Mayoria Relativa,13-may-62,Abraham David Mier Nogales,Sonora,Distrito:1,G-237,manuel.baldenebro@diputados.gob.mx,61826
Dip. Ana Gabriela Guevara Espinoza (LICENCIA),Mayoria Relativa,04-mar-77,Ana Laura Bernal Camarena(en funciones),Sonora,Distrito:2,D-118,ana.guevara@diputados.gob.mx,53082
Dip. Lorenia Iveth Valles Sampedro,Mayoria Relativa,18-dic-76,Marina Gomez Sanchez,Sonora,Distrito:3,K-409,lorenia.valles@diputados.gob.mx,61529
Dip. Heriberto Marcelo Aguilar Castillo,Mayoria Relativa,12-feb-75,Ramon Angel Valdez Mendoza,Sonora,Distrito:4,K-405,heriberto.aguilar@diputados.gob.mx,61535
Dip. Maria Wendy Briceno Zuloaga,Mayoria Relativa,15-sep-78,Lilian Margarita Navarro Lucero,Sonora,Distrito:5,K-408,maria.briceno@diputados.gob.mx,61527
Dip. Carlos Javier Lamarque Cano (LICENCIA),Mayoria Relativa,01-ago-53,Fernando Gonzalez Meza(en funciones),Sonora,Distrito:6,K-406,javier.lamarque@diputados.gob.mx,61531
Dip. Hildelisa Gonzalez Morales,Mayoria Relativa,22-dic-56,Rosa Carmina Ruiz Millan,Sonora,Distrito:7,C-080,hildelisa.gonzalez@diputados.gob.mx,62054
Dip. Estela Nunez Alvarez,Mayoria Relativa,16-ago-56,Dolores del Carmen Zubieta Ruiz,Tabasco,Distrito:1,M-482,estela.nunez@diputados.gob.mx,61110
Dip. Teresa Burelo Cortazar,Mayoria Relativa,01-mar-56,Maria Reyna Rangel Izquierdo,Tabasco,Distrito:2,M-483,teresa.burelo@diputados.gob.mx,61171
Dip. Gregorio Efrain Espadas Mendez (LICENCIA),Mayoria Relativa,26-oct-48,Roberto Calix Marin(en funciones),Tabasco,Distrito:3,M-480,gregorio.espadas@diputados.gob.mx,61173
Dip. Manuel Rodriguez Gonzalez,Mayoria Relativa,26-oct-66,Luis Arcadio Gutierrez Leon,Tabasco,Distrito:4,M-479,manuel.rodriguez@diputados.gob.mx,61175
Dip. Laura Patricia Avalos Magana,Mayoria Relativa,21-may-74,Maria Luisa Somellera Corrales,Tabasco,Distrito:5,M-484,laura.avalos@diputados.gob.mx,61178
Dip. Ricardo De la Pena Marshall,Mayoria Relativa,17-feb-64,David Eduardo Leon Romero,Tabasco,Distrito:6,G-236,ricardo.delapena@diputados.gob.mx,61883
Dip. Jose Salvador Rosas Quintanilla,Mayoria Relativa,22-ene-61,Manuel Canales Bermea,Tamaulipas,Distrito:1,A-004,jose.rosas@diputados.gob.mx,59890
Dip. Olga Juliana Elizondo Guerra,Mayoria Relativa,21-may-65,Zoraida Lara Cruz,Tamaulipas,Distrito:2,A-021,olga.elizondo@diputados.gob.mx,67892
Dip. Hector Joel Villegas Gonzalez (LICENCIA),Mayoria Relativa,09-may-79,Silvestre Resendez Munoz(en funciones),Tamaulipas,Distrito:3,B-048,hector.villegas@diputados.gob.mx,61861
Dip. Adriana Lozano Rodriguez,Mayoria Relativa,26-jun-69,Erika Georgina Lara Vazquez,Tamaulipas,Distrito:4,F-196,adriana.lozano@diputados.gob.mx,61808
Dip. Mario Alberto Ramos Tamez (LICENCIA),Mayoria Relativa,03-abr-86,Juan Alejandro Rivera Torres(en funciones),Tamaulipas,Distrito:5,I-286,mario.ramos@diputados.gob.mx,62648
Dip. Vicente Javier Verastegui Ostos (LICENCIA),Mayoria Relativa,03-sep-63,Eloy Martinez Carrizales(en funciones),Tamaulipas,Distrito:6,H-248,vicente.verastegui@diputados.gob.mx,59918
Dip. Erasmo Gonzalez Robledo,Mayoria Relativa,28-jun-72,Juan Dionisio Cruz Guerrero,Tamaulipas,Distrito:7,K-403,erasmo.gonzalez@diputados.gob.mx,61613
Dip. Olga Patricia Sosa Ruiz (LICENCIA),Mayoria Relativa,22-sep-74,Alba Silvia Garcia Paredes(en funciones),Tamaulipas,Distrito:8,E-155,olga.sosa@diputados.gob.mx,61867
Dip. Armando Javier Zertuche Zuani (LICENCIA),Mayoria Relativa,27-nov-57,Fernando Lopez Gomez,Tamaulipas,Distrito:9,K-404,armando.zertuche@diputados.gob.mx,62044
Dip. Jose de la Luz Sosa Salinas,Mayoria Relativa,25-may-66,Juan Antonio Martinez Ceron,Tlaxcala,Distrito:1,A-020,jose.sosa@diputados.gob.mx,62114
Dip. Ruben Teran Aguila,Mayoria Relativa,09-ago-81,Luis Antonio Herrera Perez,Tlaxcala,Distrito:2,H-266,ruben.teran@diputados.gob.mx,61346
Dip. Lorena Cuellar Cisneros (LICENCIA),Mayoria Relativa,20-feb-62,Claudia Perez Rodriguez,Tlaxcala,Distrito:3,H-265,lorena.cuellar@diputados.gob.mx,61348
Dip. Ricardo Garcia Escalante,Mayoria Relativa,02-may-81,Alvaro Soto Martinez,Veracruz,Distrito:1,C-056,rgarcia.escalante@diputados.gob.mx,59914
Dip. Jesus Guzman Aviles,Mayoria Relativa,25-dic-61,Armando Fernandez de la Cruz,Veracruz,Distrito:2,G-203,jguzman.aviles@diputados.gob.mx,59918
Dip. Maria Bertha Espinoza Segura,Mayoria Relativa,15-nov-57,Santa Veronica Marquez Dominguez,Veracruz,Distrito:3,M-476,bertha.espinoza@diputados.gob.mx,61508
Dip. Ricardo Francisco Exsome Zapata,Mayoria Relativa,28-sep-63,Francisco Javier Lorenzo Cabrera,Veracruz,Distrito:4,M-478,ricardo.exsome@diputados.gob.mx,61414
Dip. Raquel Bonilla Herrera,Mayoria Relativa,17-mar-84,Maria Guadalupe Bello Trejo,Veracruz,Distrito:5,M-472,raquel.bonilla@diputados.gob.mx,61454
Dip. Jaime Humberto Perez Bernabe,Mayoria Relativa,15-abr-73,Ricardo Cabanas Vazquez,Veracruz,Distrito:6,K-386,jaime.perez@diputados.gob.mx,61394
Dip. Rodrigo Calderon Salas,Mayoria Relativa,05-abr-58,Enrique Capetillo Gonzalez,Veracruz,Distrito:7,K-392,rodrigo.calderon@diputados.gob.mx,61442
Dip. Claudia Tello Espinosa,Mayoria Relativa,16-oct-64,--- --- ---,Veracruz,Distrito:8,K-388,claudia.tello@diputados.gob.mx,61512
Dip. Carmen Mora Garcia,Mayoria Relativa,14-jul-52,Maria Laura Garcia Gomez,Veracruz,Distrito:9,L-434,carmen.mora@diputados.gob.mx,61516
Dip. Rafael Hernandez Villalpando,Mayoria Relativa,08-nov-47,Guillermo Fernandez Sanchez,Veracruz,Distrito:10,M-477,rafael.hernandezv@diputados.gob.mx,61444
Dip. Flora Tania Cruz Santos,Mayoria Relativa,27-ene-78,Celica Segura Toledo,Veracruz,Distrito:11,M-475,flora.cruz@diputados.gob.mx,61448
Dip. Mariana Dunyaska Garcia Rojas,Mayoria Relativa,29-oct-74,Ana Gabriela Pantoja Andrade,Veracruz,Distrito:12,K-372,dunyaska.garcia@diputados.gob.mx,59885-8310
Dip. Eleuterio Arrieta Sanchez,Mayoria Relativa,02-may-55,Ramon Pino Mendez,Veracruz,Distrito:13,M-473,eleuterio.arrieta@diputados.gob.mx,61396
Dip. Carmen Medel Palma,Mayoria Relativa,26-sep-59,Mariela Hernandez Garcia,Veracruz,Distrito:14,L-433,carmen.medel@diputados.gob.mx,61400
Dip. Dulce Maria Corina Villegas Guarneros,Mayoria Relativa,24-dic-66,Nury Yareli Aguilar Morales,Veracruz,Distrito:15,M-471,dulce.villegas@diputados.gob.mx,61454
Dip. Juan Martinez Flores,Mayoria Relativa,03-abr-56,Jose Ignacio Vazquez Sanchez,Veracruz,Distrito:16,L-432,jmartinez.flores@diputados.gob.mx,61408
Dip. Valentin Reyes Lopez,Mayoria Relativa,13-feb-52,Abel Maza Dominguez,Veracruz,Distrito:17,K-393,valentin.reyes@diputados.gob.mx,61518
Dip. Bonifacio Aguilar Linda,Mayoria Relativa,08-may-76,Feliciano Romero Martinez,Veracruz,Distrito:18,L-431,bonifacio.aguilar@diputados.gob.mx,61406
Dip. Paola Tenorio Adame,Mayoria Relativa,20-abr-66,Andrea Doria Ortiz Aguirre,Veracruz,Distrito:19,K-389,paola.tenorio@diputados.gob.mx,61521
Dip. Eulalio Juan Rios Fararoni,Mayoria Relativa,18-abr-65,Hermilo Arista Bonilla,Veracruz,Distrito:20,K-387,eulaliojuan.rios@diputados.gob.mx,61398
Dip. Jesus Carlos Vidal Peniche,Mayoria Relativa,16-jun-76,Sergio Enrrique Chale Cauich,Yucatan,Distrito:1,K-377,jesus.vidal@diputados.gob.mx,59618
Dip. Maria Ester Alonzo Morales,Mayoria Relativa,15-ene-59,Guadalupe Elizabeth Zapata Gonzalez,Yucatan,Distrito:2,K-384,maria.alonzo@diputados.gob.mx,59540
Dip. Roger Herve (Deceso) Aguilar Salazar(protesta pendiente),Mayoria Relativa,12-sep-38,Limbert Ivan de Jesus Interian Gallegos(en funciones),Yucatan,Distrito:3,G-220,,
Dip. Jose Elias Lixa Abimerhi,Mayoria Relativa,28-feb-87,Mario Enmanuel Aragon Castillo,Yucatan,Distrito:4,D-090,elias.lixa@diputados.gob.mx,59954
Dip. Juan Jose Canul Perez,Mayoria Relativa,08-ene-72,Wilberth Antonio Cach Yah,Yucatan,Distrito:5,H-257,juan.canul@diputados.gob.mx,59424
Dip. Mirna Zabeida Maldonado Tapia,Mayoria Relativa,13-may-69,Amalia Roman Longoria,Zacatecas,Distrito:1,M-485,mirna.maldonado@diputados.gob.mx,61591
Dip. Lyndiana Elizabeth Bugarin Cortes,Mayoria Relativa,13-dic-88,Ana Yajaira Felix Rivera,Zacatecas,Distrito:2,H-253,lyndiana.bugarin@diputados.gob.mx,59630
Dip. Alfredo Femat Banuelos,Mayoria Relativa,12-ene-61,Miguel Jaquez Salazar,Zacatecas,Distrito:3,F-197,alfredo.femat@diputados.gob.mx,62040
Dip. Samuel Herrera Chavez,Mayoria Relativa,17-sep-54,Rumaldo Ortiz Herrera,Zacatecas,Distrito:4,L-444,samuel.herrera@diputados.gob.mx,61588
Dip. Patricia Terrazas Baca,Representacion proporcional,26-sep-66,Perla Paola Adame Torres,Chihuahua,Circunscripcion:1,D-084,patricia.terrazas@diputados.gob.mx,57125
Dip. Ernesto Guillermo Ruffo Appel,Representacion proporcional,25-jun-52,Victor Ivan Lujano Sarabia,Baja California,Circunscripcion:1,E-123,ernesto.ruffo@diputados.gob.mx,59909
Dip. Martha Elena Garcia Gomez,Representacion proporcional,03-may-45,Mayela Leonila Godinez Alarcon,Nayarit,Circunscripcion:1,A-001,melena.garcia@diputados.gob.mx,59964
Dip. Jose Rigoberto Mares Aguilar,Representacion proporcional,17-feb-81,Armando Fidel Castro Trasvina,Baja California Sur,Circunscripcion:1,E-125,jose.mares@diputados.gob.mx,59901
Dip. Madeleine Bonnafoux Alcaraz,Representacion proporcional,31-ene-79,Brenda Lizeth Cordova Buzani,Sonora,Circunscripcion:1,C-057,madeleine.bonnafoux@diputados.gob.mx,59910
Dip. Jose Ramon Cambero Perez,Representacion proporcional,27-jun-71,Fernando Jesus Sanchez Zatarain,Nayarit,Circunscripcion:1,I-288,jose.cambero@diputados.gob.mx,59889
Dip. Lizbeth Mata Lozano,Representacion proporcional,10-ene-84,Monica Janette Palomarez Ching,Baja California,Circunscripcion:1,I-292,lizbeth.mata@diputados.gob.mx,59884
Dip. Carlos Humberto Castanos Valenzuela,Representacion proporcional,14-abr-77,Jose De Jesus Rojas Rivera,Sinaloa,Circunscripcion:1,C-051,carlos.castanos@diputados.gob.mx,59908
Dip. Manuel Lopez Castillo,Representacion proporcional,12-feb-48,Esteban Cabrera Meda,Sonora,Circunscripcion:1,K-407,manuel.lopez@diputados.gob.mx,61573
Dip. Veronica Beatriz Juarez Pina,Representacion proporcional,28-sep-71,Beatriz Selene Zamora Romero,Jalisco,Circunscripcion:1,M-463,veronica.juarez@diputados.gob.mx,55121
Dip. Itzcoatl Tonatiuh Bravo Padilla (LICENCIA),Representacion proporcional,07-feb-60,Enrique Israel Medina Torres,Jalisco,Circunscripcion:1,D-093,tonatiuhb@diputados.gob.mx,62603
Dip. Martha Angelica Zamudio Macias,Representacion proporcional,24-feb-57,Michelle Estefania Murguia Puga,Jalisco,Circunscripcion:1,E-129,martha.zamudio@diputados.gob.mx,62638
Dip. Jorge Alcibiades Garcia Lara,Representacion proporcional,05-ago-69,Diego Mejia Ibanez,Baja California,Circunscripcion:1,C-059,jorge.garcia@diputados.gob.mx,62620
Dip. Maria Libier Gonzalez Anaya,Representacion proporcional,27-mar-54,Elvia Yolanda Martinez Cosio,Jalisco,Circunscripcion:1,B-030,libier.gonzalez@diputados.gob.mx,62640
Dip. Jorge Eugenio Russo Salido (LICENCIA),Representacion proporcional,19-dic-69,Jose Eduardo Esquer Escobar(en funciones),Sonora,Circunscripcion:1,B-032,jorge.russo@diputados.gob.mx,62652
Dip. Benito Medina Herrera,Representacion proporcional,05-jun-50,Diego Aguilar,Baja California,Circunscripcion:1,C-064,benito.medina@diputados.gob.mx,59504
Dip. Lourdes Erika Sanchez Martinez (LICENCIA),Representacion proporcional,29-sep-80,Reynalda Berenice Alcalde Castro,Sinaloa,Circunscripcion:1,C-066,erika.sanchez@diputados.gob.mx,59460
Dip. Alfredo Villegas Arreola,Representacion proporcional,12-ene-51,Ricardo Barroso Agramont,Sinaloa,Circunscripcion:1,E-136,alfredo.villegas@diputados.gob.mx,59448
Dip. Irma Maria Teran Villalobos,Representacion proporcional,12-nov-85,Jeanette Arrizon Marina,Sonora,Circunscripcion:1,D-099,irma.teran@diputados.gob.mx,61800
Dip. Isaias Gonzalez Cuevas,Representacion proporcional,06-jul-40,Jose David Alfaro Pagaza,Baja California Sur,Circunscripcion:1,E-139,isaias.gonzalez@diputados.gob.mx,4130
Dip. Hortensia Maria Luisa Norona Quezada (LICENCIA),Representacion proporcional,19-oct-76,Guadalupe Janneth Moreno Arguelles(en funciones),Jalisco,Circunscripcion:1,A-009,hortensia.norona@diputados.gob.mx,59520
Dip. Ismael Alfredo Hernandez Deras,Representacion proporcional,20-feb-64,Cristopher Daniel James Barousse,Durango,Circunscripcion:1,F-177,alfredo.hernandez@diputados.gob.mx,59425
Dip. Margarita Flores Sanchez (LICENCIA),Representacion proporcional,10-dic-61,Miriam Del Sol Merino Cuevas(en funciones),Nayarit,Circunscripcion:1,C-063,margarita.flores@diputados.gob.mx,59522
Dip. Erika Mariana Rosas Uribe,Representacion proporcional,09-ene-84,Mariana Cosio Valdes,Sinaloa,Circunscripcion:1,J-337,erika.rosas@diputados.gob.mx,61694
Dip. Marco Antonio Gomez Alcantar,Representacion proporcional,18-abr-72,Misael Sanchez Sanchez,Sinaloa,Circunscripcion:1,I-294,antonio.gomez@diputados.gob.mx,59616
Dip. Veronica Ramos Cruz,Representacion proporcional,01-may-85,Rosa Maria Cardona Alegria,Jalisco,Circunscripcion:1,L-457,veronica.ramos@diputados.gob.mx,61322
Dip. Marco Antonio Carbajal Miranda (LICENCIA),Representacion proporcional,26-sep-59,J Felix Vargas Aldiano(en funciones),Sonora,Circunscripcion:1,J-360,marco.carbajal@diputados.gob.mx,61533
Dip. Tatiana Clouthier Carrillo (LICENCIA),Representacion proporcional,12-ago-64,Maria Del Carmen Almeida Navarro(en funciones),Sinaloa,Circunscripcion:1,I-310,tatiana.clouthier@diputados.gob.mx,61108
Dip. Miguel Angel Marquez Gonzalez,Representacion proporcional,21-oct-62,Jose Manuel Martin Gomez,Jalisco,Circunscripcion:1,M-496,miguel.marquez@diputados.gob.mx,61630
Dip. Carmina Yadira Regalado Mardueno (LICENCIA),Representacion proporcional,06-nov-67,Maria De Jesus Aguirre Barradas(en funciones),Nayarit,Circunscripcion:1,H-282,carmina.regalado@diputados.gob.mx,61605
Dip. Francisco Javier Guzman De La Torre,Representacion proporcional,29-ago-44,Neri Eduardo Maciel Hernandez,Jalisco,Circunscripcion:1,M-499,javier.guzman@diputados.gob.mx,61640
Dip. Maria Teresa Lopez Perez,Representacion proporcional,30-dic-40,Leticia Perez Rodriguez,Jalisco,Circunscripcion:1,M-497,teresa.lopez@diputados.gob.mx,61638
Dip. Sebastian Aguilera Brenes,Representacion proporcional,10-jun-95,Jorge Ariff Marave Sanchez,Chihuahua,Circunscripcion:1,J-369,sebastian.aguilera@diputados.gob.mx,61243
Dip. Miriam Citlally Perez Mackintosh,Representacion proporcional,20-nov-67,Claudia Ramona Moreno Salas,Nayarit,Circunscripcion:1,H-281,miriam.perez@diputados.gob.mx,61624
Dip. Alberto Villa Villegas,Representacion proporcional,25-oct-72,Ismael Miranda Ornelas,Jalisco,Circunscripcion:1,L-438,alberto.villa@diputados.gob.mx,61320
Dip. Lucinda Sandoval Soberanes,Representacion proporcional,18-feb-80,Damaris Osuna Zavala,Sinaloa,Circunscripcion:1,J-362,lucinda.sandoval@diputados.gob.mx,61646
Dip. Juan Carlos Loera De La Rosa (LICENCIA),Representacion proporcional,27-abr-69,Francisco Jorge Villarreal Pasaret(en funciones),Chihuahua,Circunscripcion:1,J-371,juan.loera@diputados.gob.mx,61241
Dip. Katia Alejandra Castillo Lozano,Representacion proporcional,20-oct-82,Telma Artemisa Montano Navarro,Jalisco,Circunscripcion:1,M-500,katia.castillo@diputados.gob.mx,61708
Dip. Efrain Rocha Vega,Representacion proporcional,12-may-55,Jorge Valdez Anaya,Chihuahua,Circunscripcion:1,K-413,efrain.rocha@diputados.gob.mx,61234
Dip. Martha Patricia Ramirez Lucero,Representacion proporcional,03-sep-52,Izhaleth Ireri Angulo Castaneda,Baja California,Circunscripcion:1,K-412,martha.ramirez@diputados.gob.mx,61366
Dip. Raul Gracia Guzman,Representacion proporcional,20-feb-75,Tomas David Macias Canales,Nuevo Leon,Circunscripcion:2,H-245,raul.gracia@diputados.gob.mx,59909
Dip. Maria Marcela Torres Peimbert,Representacion proporcional,07-oct-61,Maria Fernanda Gatica Garza,Queretaro,Circunscripcion:2,J-333,marcela.torres@diputados.gob.mx,59888
Dip. Jose Isabel Trejo Reyes,Representacion proporcional,09-abr-59,Gabriel Rodriguez Medina,Zacatecas,Circunscripcion:2,K-375,jose.trejo@diputados.gob.mx,59860
Dip. Jacquelina Martinez Juarez,Representacion proporcional,26-may-81,Soledad Barrios Venegas,Zacatecas,Circunscripcion:2,E-121,jacquelina.martinez@diputados.gob.mx,59885
Dip. Marcos Aguilar Vega,Representacion proporcional,05-jul-72,Jorge Luis Alarcon Neve,Queretaro,Circunscripcion:2,J-334,marcos.aguilar@diputados.gob.mx,59916
Dip. Sylvia Violeta Garfias Cedillo,Representacion proporcional,29-mar-75,Maria Fernanda De La Torre Delgado,Aguascalientes,Circunscripcion:2,B-025,sylvia.garfias@diputados.gob.mx,59886
Dip. Victor Manuel Perez Diaz (LICENCIA),Representacion proporcional,01-jun-69,Eugenio Bueno Lozano(en funciones),Nuevo Leon,Circunscripcion:2,F-166,manuel.perez@diputados.gob.mx,57032
Dip. Nohemi Aleman Hernandez (LICENCIA),Representacion proporcional,03-feb-82,Priscilla Haydee Lagunas Cuellar(en funciones),Tamaulipas,Circunscripcion:2,C-076,nohemi.aleman@diputados.gob.mx,61176
Dip. Xavier Azuara Zuniga,Representacion proporcional,16-sep-79,Adrian Sanchez Ramiro,San Luis Potosi,Circunscripcion:2,P-501,xavier.azuara@diputados.gob.mx,59907
Dip. Silvia Guadalupe Garza Galvan,Representacion proporcional,05-jul-62,Concepcion Balderas Y Robles,Coahuila,Circunscripcion:2,H-247,silvia.garza@diputados.gob.mx,59966
Dip. Fernando Torres Graciano,Representacion proporcional,27-ago-70,Edgardo Chaire Chavero,Guanajuato,Circunscripcion:2,I-289,fernando.torres@diputados.gob.mx,59890
Dip. Isabel Margarita Guerra Villarreal,Representacion proporcional,22-sep-75,Cecilia Sofia Robledo Suarez,Nuevo Leon,Circunscripcion:2,C-054,isabel.guerra@diputados.gob.mx,59900
Dip. Juan Carlos Munoz Marquez (LICENCIA),Representacion proporcional,30-nov-69,Carlos Elhier Cinta Rodriguez(en funciones),Guanajuato,Circunscripcion:2,F-167,juan.munoz@diputados.gob.mx,59915
Dip. Frida Alejandra Esparza Marquez,Representacion proporcional,05-nov-96,Maria Guadalupe Martinez Arias,Zacatecas,Circunscripcion:2,M-461,frida.esparza@diputados.gob.mx,55175
Dip. Antonio Ortega Martinez,Representacion proporcional,28-jul-54,Jesus Josue Hernandez Medina,Aguascalientes,Circunscripcion:2,L-419,antonio.ortega@diputados.gob.mx,55107
Dip. Pilar Lozano Mac Donald,Representacion proporcional,10-oct-74,Maximina Gutierrez Tavares,Nuevo Leon,Circunscripcion:2,D-094,pilar.lozano@diputados.gob.mx,66381
Dip. Ma. de Jesus Garcia Guardado,Representacion proporcional,03-abr-59,Ma. Guadalupe Adabache Reyes,Zacatecas,Circunscripcion:2,L-445,mariadejesus.garcia@diputados.gob.mx,61589
Dip. Pedro Pablo Trevino Villarreal,Representacion proporcional,13-jun-72,Sigfrido Macias Perez,Nuevo Leon,Circunscripcion:2,H-258,pedro.trevino@diputados.gob.mx,59481
Dip. Ivonne Liliana Alvarez Garcia (LICENCIA),Representacion proporcional,25-abr-78,Rosa Elia Morales Tijerina(en funciones),Nuevo Leon,Circunscripcion:2,E-135,ivonne.alvarez@diputados.gob.mx,59485
Dip. Mariana Rodriguez Mier Y Teran,Representacion proporcional,01-jun-76,Delia Margarita Siller Zuniga,Tamaulipas,Circunscripcion:2,B-035,mariana.rodriguez@diputados.gob.mx,59534
Dip. Ruben Ignacio Moreira Valdez (LICENCIA),Representacion proporcional,18-abr-63,Ramon Verduzco Gonzalez,Coahuila,Circunscripcion:2,G-218,ruben.moreira@diputados.gob.mx,59470
Dip. Frinne Azuara Yarzabal,Representacion proporcional,03-mar-56,Eugenia Guadalupe Aboytes Gonzalez,San Luis Potosi,Circunscripcion:2,A-012,frinne.azuara@diputados.gob.mx,59528
Dip. Carlos Pavon Campos,Representacion proporcional,31-oct-55,Alberto Lugo Ledesma,Zacatecas,Circunscripcion:2,A-010,carlos.pavon@diputados.gob.mx,59544
Dip. Maria Aleman Munoz Castillo,Representacion proporcional,14-abr-90,Sonia Martha Lopez Villarreal,Queretaro,Circunscripcion:2,E-137,aleman.munoz@diputados.gob.mx,59532
Dip. Lenin Nelson Campos Cordova,Representacion proporcional,08-ago-61,Ramiro  Miguel Hernandez,San Luis Potosi,Circunscripcion:2,I-299,lenin.campos@diputados.gob.mx,59530
Dip. Norma Guel Saldivar (LICENCIA),Representacion proporcional,24-abr-81,Lily Fabiola De La Rosa Cortes(en funciones),Aguascalientes,Circunscripcion:2,A-011,norma.guel@diputados.gob.mx,59502
Dip. Carlos Alberto Puente Salas,Representacion proporcional,16-dic-71,Enrique Fanjon Gonzalez,Zacatecas,Circunscripcion:2,I-298,carlos.puente@diputados.gob.mx,59608
Dip. Beatriz Manrique Guevara (LICENCIA),Representacion proporcional,20-may-67,Zulma Espinoza Mata(en funciones),Guanajuato,Circunscripcion:2,H-253,beatriz.manrique@diputados.gob.mx,59616
Dip. Oscar Rafael Novella Macias (LICENCIA),Representacion proporcional,12-oct-84,Hugo Adrian Felix Pichardo(en funciones),Zacatecas,Circunscripcion:2,L-443,oscar.novella@diputados.gob.mx,61585
Dip. Adriana Aguilar Vazquez (LICENCIA),Representacion proporcional,20-jul-77,Maria Del Carmen Quiroz Rodriguez(en funciones),San Luis Potosi,Circunscripcion:2,M-495,aaguilar.vazquez@diputados.gob.mx,61658
Dip. Miguel Angel Chico Herrera,Representacion proporcional,17-mar-61,Jose Javier Aguirre Gallardo,Guanajuato,Circunscripcion:2,K-382,miguel.chico@diputados.gob.mx,61316
Dip. Lidia Nallely Vargas Hernandez (LICENCIA),Representacion proporcional,03-ago-92,Alejandra Ramirez Rodriguez(en funciones),San Luis Potosi,Circunscripcion:2,M-490,lidia.vargas@diputados.gob.mx,61660
Dip. Juan Israel Ramos Ruiz,Representacion proporcional,29-abr-73,Jaime Fernando Guerrero Gonzalez,Guanajuato,Circunscripcion:2,K-381,juan.ramos@diputados.gob.mx,61629
Dip. Diego Eduardo Del Bosque Villarreal,Representacion proporcional,21-feb-90,Raul Steel Ramirez Garza,Coahuila,Circunscripcion:2,M-492,diego.delbosque@diputados.gob.mx,61599
Dip. Martina Cazarez Yanez,Representacion proporcional,07-mar-70,Rosario Guadalupe Saenz Alvizo,San Luis Potosi,Circunscripcion:2,M-488,martina.cazarez@diputados.gob.mx,61656
Dip. Maria Luisa Veloz Silva,Representacion proporcional,26-ago-56,Adela Celeste Arthur Vivanco,San Luis Potosi,Circunscripcion:2,M-487,maria.veloz@diputados.gob.mx,61642
Dip. Edelmiro Santiago Santos Diaz,Representacion proporcional,02-jul-60,Jose Antonio Leal Doria,Nuevo Leon,Circunscripcion:2,L-449,edelmiro.santos@diputados.gob.mx,61784
Dip. Miroslava Sanchez Galvan,Representacion proporcional,10-ago-57,Edna Laura Huerta Ruiz,Coahuila,Circunscripcion:2,M-493,miroslava.sanchez@diputados.gob.mx,61593
Dip. Cuauhtli Fernando Badillo Moreno (LICENCIA),Representacion proporcional,11-may-90,Rene Rogelio Mantecon Salas(en funciones),San Luis Potosi,Circunscripcion:2,M-489,cuauhtli.badillo@diputados.gob.mx,61662
Dip. Francisco Elizondo Garrido,Representacion proporcional,17-ene-82,Arturo Arroyo Navarrete,Nuevo Leon,Circunscripcion:2,J-338,francisco.elizondo@diputados.gob.mx,61692
Dip. Cecilia Anunciacion Patron Laviada,Representacion proporcional,25-mar-71,Maria Cristina Castillo Espinosa,Yucatan,Circunscripcion:3,F-161,cecilia.patron@diputados.gob.mx,59902
Dip. Carlos Alberto Valenzuela Gonzalez,Representacion proporcional,18-abr-83,Jose Ricardo Medina Hernandez,Veracruz,Circunscripcion:3,B-027,carlos.valenzuela@diputados.gob.mx,59969
Dip. Antonia Natividad Diaz Jimenez,Representacion proporcional,13-jun-82,Laura Leticia Mendez Reyes,Oaxaca,Circunscripcion:3,B-029,antonia.diaz@diputados.gob.mx,59885
Dip. Carlos Alberto Morales Vazquez,Representacion proporcional,22-ago-72,Pedro Ameth Navarro Lara,Chiapas,Circunscripcion:3,J-335,carlos.morales@diputados.gob.mx,59080
Dip. Maria Del Rosario Guzman Aviles,Representacion proporcional,20-nov-63,Noelia Garcia Escalante,Veracruz,Circunscripcion:3,H-243,rosario.guzman@diputados.gob.mx,59918
Dip. Jose Del Carmen Gomez Quej,Representacion proporcional,18-dic-57,Mario Enrique Pacheco Ceballos,Campeche,Circunscripcion:3,I-291,josedelcarmen.gomez@diputados.gob.mx,59903
Dip. Dulce Alejandra Garcia Morlan (LICENCIA),Representacion proporcional,05-dic-78,Irasema Aquino Gonzalez(en funciones),Oaxaca,Circunscripcion:3,A-003,dulce.garcia@diputados.gob.mx,59903
Dip. Norma Azucena Rodriguez Zamora,Representacion proporcional,07-feb-86,Perla Eugenia Rodriguez Silva,Veracruz,Circunscripcion:3,M-460,azucena.rodriguez@diputados.gob.mx,62469
Dip. Teofilo Manuel Garcia Corpus,Representacion proporcional,06-feb-58,Luis Octavio Murat Macias,Oaxaca,Circunscripcion:3,L-455,teofilo.garcia@diputados.gob.mx,61753
Dip. Dulce Maria Mendez De La Luz Dauzon,Representacion proporcional,06-oct-85,Mayra Angelica Amador Perez,Veracruz,Circunscripcion:3,F-172,dulce.mendez@diputados.gob.mx,62634
Dip. Juan Ortiz Guarneros,Representacion proporcional,25-sep-53,Alejandro Jesus Ceron Molina,Veracruz,Circunscripcion:3,C-065,juan.ortiz@diputados.gob.mx,59538
Dip. Dulce Maria Sauri Riancho,Representacion proporcional,14-ago-51,Julieta Famania Ruiz,Yucatan,Circunscripcion:3,P-509,dulce.sauri@diputados.gob.mx,5029
Dip. Hector Yunes Landa (LICENCIA),Representacion proporcional,27-oct-58,Edmundo Martinez Zaleta,Veracruz,Circunscripcion:3,F-175,hector.yunes@diputados.gob.mx,59416
Dip. Soraya Perez Munguia,Representacion proporcional,27-sep-77,Paloma Alejandra Franco Lopez,Tabasco,Circunscripcion:3,H-255,soraya.perez@diputados.gob.mx,59432
Dip. Pablo Guillermo Angulo Briceno,Representacion proporcional,01-ago-90,Vicente Exiquio Cruz Ramirez,Campeche,Circunscripcion:3,D-100,pablo.angulo@diputados.gob.mx,59458
Dip. Anilu Ingram Vallines (LICENCIA),Representacion proporcional,26-ago-80,Mayusa Isolina Gonzalez Cauich(en funciones),Veracruz,Circunscripcion:3,D-096,anilu.ingram@diputados.gob.mx,59422
Dip. Manuel Limon Hernandez,Representacion proporcional,10-ene-46,Jose Julio Espinosa Morales,Veracruz,Circunscripcion:3,B-036,manuel.limon@diputados.gob.mx,59536
Dip. Jorge Emilio Gonzalez Martinez (LICENCIA),Representacion proporcional,16-abr-72,Jorge Francisco Corona Mendez(en funciones),Quintana Roo,Circunscripcion:3,I-296,jemilio.gonzalez@diputados.gob.mx,59622
Dip. Ana Patricia Peralta De La Pena,Representacion proporcional,24-jun-90,Paola De La Concepcion Palma Vazquez,Quintana Roo,Circunscripcion:3,J-339,ana.peralta@diputados.gob.mx,61562
Dip. Edith Garcia Rosales,Representacion proporcional,17-oct-92,Susana Lili Marquez Pineda,Veracruz,Circunscripcion:3,L-429,edith.garcia@diputados.gob.mx,61410
Dip. Alejandro Ponce Cobos,Representacion proporcional,17-abr-72,Jose Amador Izundegui Ordonez,Oaxaca,Circunscripcion:3,J-346,alejandro.ponce@diputados.gob.mx,61204
Dip. Patricia Del Carmen De La Cruz Delucio,Representacion proporcional,21-jun-71,Yendi Nayeli Hernandez Solorzano,Chiapas,Circunscripcion:3,L-425,patricia.delacruz@diputados.gob.mx,61161
Dip. Iran Santiago Manuel,Representacion proporcional,04-mar-85,Francisco Salinas Bautista,Oaxaca,Circunscripcion:3,I-306,iran.santiago@diputados.gob.mx,61190
Dip. Lizeth Amayrani Guerra Mendez,Representacion proporcional,18-ene-94,Velia Laura Landeros Garcia,Veracruz,Circunscripcion:3,L-430,lizeth.guerra@diputados.gob.mx,61412
Dip. Julio Carranza Areas,Representacion proporcional,14-mar-65,Carlos Alberto Vega Celorio,Veracruz,Circunscripcion:3,M-474,julio.carranza@diputados.gob.mx,61514
Dip. Virginia Merino Garcia,Representacion proporcional,11-ene-86,--- --- ---,Oaxaca,Circunscripcion:3,J-347,virginia.merino@diputados.gob.mx,61186
Dip. Manuel Gomez Ventura,Representacion proporcional,10-nov-66,Raul Athie Cisneros,Veracruz,Circunscripcion:3,K-391,mgomez.ventura@diputados.gob.mx,61510
Dip. Emeteria Claudia Martinez Aguilar,Representacion proporcional,03-mar-85,Damaris Del Rocio Vera Lara,Chiapas,Circunscripcion:3,L-426,emeteria.martinez@diputados.gob.mx,61153
Dip. Luis Javier Alegre Salazar,Representacion proporcional,04-feb-64,Wilbert Alberto Batun Chulim,Quintana Roo,Circunscripcion:3,I-308,luis.alegre@diputados.gob.mx,61202
Dip. Graciela Zavaleta Sanchez,Representacion proporcional,23-dic-46,Concepcion Sanchez Bartolo,Oaxaca,Circunscripcion:3,J-350,graciela.zavaleta@diputados.gob.mx,61188
Dip. Ciro Sales Ruiz (LICENCIA),Representacion proporcional,01-ene-74,Jorge Angel Sibaja Mendoza(en funciones),Chiapas,Circunscripcion:3,M-468,ciro.sales@diputados.gob.mx,61210
Dip. Zaira Ochoa Valdivia,Representacion proporcional,05-mar-73,Martha Rosa Morales Romero,Veracruz,Circunscripcion:3,L-436,zaira.ochoa@diputados.gob.mx,61402
Dip. Marco Antonio Andrade Zavala,Representacion proporcional,17-nov-72,Daniel Castillo De La Cruz,Chiapas,Circunscripcion:3,M-470,antonio.andrade@diputados.gob.mx,61163
Dip. Rosalba Valencia Cruz,Representacion proporcional,25-jul-65,Alma Valdivieso Medina,Veracruz,Circunscripcion:3,K-390,rosalba.valencia@diputados.gob.mx,61446
Dip. Armando Contreras Castillo,Representacion proporcional,13-abr-66,Luis Alberto Sosa Castillo,Oaxaca,Circunscripcion:3,H-259,acontreras.castillo@diputados.gob.mx,61192
Dip. Ediltrudis Rodriguez Arellano,Representacion proporcional,23-jun-54,Cecileyvis Perez Portela,Tabasco,Circunscripcion:3,M-481,ediltrudis.rodriguez@diputados.gob.mx,61180
Dip. Marco Antonio Medina Perez,Representacion proporcional,17-dic-58,Genaro Ibanez Martinez,Veracruz,Circunscripcion:3,K-394,marco.medina@diputados.gob.mx,61404
Dip. Dorheny Garcia Cayetano,Representacion proporcional,25-jul-90,Clementina Salazar Cruz,Veracruz,Circunscripcion:3,L-435,dorheny.garcia@diputados.gob.mx,61440
Dip. Victor Blas Lopez,Representacion proporcional,09-ago-65,Jorge Cruz Melendez,Oaxaca,Circunscripcion:3,I-304,victor.blas@diputados.gob.mx,61198
Dip. Maribel Martinez Ruiz,Representacion proporcional,30-oct-72,Lucy Hernandez Perez,Oaxaca,Circunscripcion:3,B-050,mmartinez.ruiz@diputados.gob.mx,62024
Dip. Jorge Romero Herrera,Representacion proporcional,03-ene-79,Mario Enrique Sanchez Flores,Ciudad de Mexico,Circunscripcion:4,D-088,jromero.herrera@diputados.gob.mx,59906
Dip. Adriana Davila Fernandez,Representacion proporcional,30-dic-70,Bibian Eunice Ordaz Llanes,Tlaxcala,Circunscripcion:4,G-207,adriana.davila@diputados.gob.mx,59968
Dip. Marco Antonio Adame Castillo,Representacion proporcional,06-dic-60,Andres Diaz Larios,Morelos,Circunscripcion:4,C-055,marco.adame@diputados.gob.mx,59910
Dip. Veronica Maria Sobrado Rodriguez,Representacion proporcional,07-mar-70,Yolanda Rodriguez De Jesus,Puebla,Circunscripcion:4,E-122,veronica.sobrado@diputados.gob.mx,59901
Dip. Carlos Carreon Mejia,Representacion proporcional,27-may-73,Raymundo Bolanos Azocar,Tlaxcala,Circunscripcion:4,J-332,carlos.carreon@diputados.gob.mx,59914
Dip. Ana Lucia Riojas Martinez,Representacion proporcional,25-feb-88,Imelda Noemi Gonzalez Barreras,Ciudad de Mexico,Circunscripcion:4,L-422,lucia.riojas@diputados.gob.mx,67167
Dip. Oscar Daniel Martinez Terrazas,Representacion proporcional,17-ene-86,Angelo Gutierrez Hernandez,Morelos,Circunscripcion:4,H-250,oscar.martinez@diputados.gob.mx,59916
Dip. Hector Serrano Cortes,Representacion proporcional,22-abr-62,Lauro Antonio Martinez Salas,Ciudad de Mexico,Circunscripcion:4,K-380,hector.serrano@diputados.gob.mx,62100
Dip. Julieta Macias Rabago,Representacion proporcional,05-oct-71,Mariana Ivonne Breton Hernandez,Ciudad de Mexico,Circunscripcion:4,D-095,julieta.macias@diputados.gob.mx,53062/8334
Dip. Mauricio Alonso Toledo Gutierrez,Representacion proporcional,19-jun-80,Benito Ocampo Olivares,Ciudad de Mexico,Circunscripcion:4,H-252,mauricio.toledo@diputados.gob.mx,55125
Dip. Luz Estefania Rosas Martinez,Representacion proporcional,22-ago-95,Gabriela Scarlett Perez Perez,Ciudad de Mexico,Circunscripcion:4,L-456,luz.rosas@diputados.gob.mx,55116
Dip. Martha Tagle Martinez,Representacion proporcional,26-nov-73,Lucia Alejandra Puente Garcia,Ciudad de Mexico,Circunscripcion:4,D-091,martha.tagle@diputados.gob.mx,62642
Dip. Laura Martinez Gonzalez,Representacion proporcional,15-ene-70,Maria Hilda Penaloza Martinez,Ciudad de Mexico,Circunscripcion:4,K-397,laura.martinez@diputados.gob.mx,61274
Dip. Maria Lucero Saldana Perez,Representacion proporcional,18-ene-57,Iris Orihuela Perez,Puebla,Circunscripcion:4,H-256,lucero.saldana@diputados.gob.mx,59418
Dip. Fernando Galindo Favela,Representacion proporcional,06-may-78,Luis Madrazo Lajous,Ciudad de Mexico,Circunscripcion:4,G-216,fernando.galindo@diputados.gob.mx,59479
Dip. Cynthia Iliana Lopez Castro,Representacion proporcional,18-feb-87,Jessica Camarero Morales,Ciudad de Mexico,Circunscripcion:4,B-037,cynthia.lopez@diputados.gob.mx,59506
Dip. Rene Juarez Cisneros,Representacion proporcional,08-jun-56,Paul Ospital Carrera,Guerrero,Circunscripcion:4,F-176,rene.juarez@diputados.gob.mx,59410
Dip. Claudia Pastor Badilla,Representacion proporcional,01-dic-70,Myrna Yvet Torres Camacho,Ciudad de Mexico,Circunscripcion:4,J-342,claudia.pastor@diputados.gob.mx,59508
Dip. Luis Eleusis Leonidas Cordova Moran,Representacion proporcional,26-sep-49,Eduardo Zarate Salgado,Puebla,Circunscripcion:4,I-300,eleusis.cordova@diputados.gob.mx,59524
Dip. Arturo Escobar y Vega,Representacion proporcional,23-abr-70,Omar Sesai Jimenez Santos,Ciudad de Mexico,Circunscripcion:4,I-297,arturo.escobar@diputados.gob.mx,59606
Dip. Nayeli Arlen Fernandez Cruz,Representacion proporcional,16-ene-84,Veronica Guadalupe Brunt Gonzalez,Ciudad de Mexico,Circunscripcion:4,J-340,nayeli.fernandez@diputados.gob.mx,59610
Dip. Maria Beatriz Lopez Chavez,Representacion proporcional,18-ago-73,Mercedes Sanchez Garcia,Ciudad de Mexico,Circunscripcion:4,L-442,beatriz.lopez@diputados.gob.mx,61258
Dip. Samuel Calderon Medina,Representacion proporcional,27-dic-51,Amando Embarcadero Perez,Morelos,Circunscripcion:4,F-178,samuel.calderon@diputados.gob.mx,61352
Dip. Rocio del Pilar Villarauz Martinez,Representacion proporcional,12-dic-77,--- --- ---,Ciudad de Mexico,Circunscripcion:4,F-185,rocio.villarauz@diputados.gob.mx,61248
Dip. David Bautista Rivera,Representacion proporcional,27-mar-81,Benjamin Garcia Vazquez,Puebla,Circunscripcion:4,B-042,david.bautista@diputados.gob.mx,61551
Dip. Brenda Espinoza Lopez,Representacion proporcional,19-jun-88,Rocio Carolina Pozos Ponce,Morelos,Circunscripcion:4,F-180,brenda.espinoza@diputados.gob.mx,61268
Dip. Moises Ignacio Mier Velazco,Representacion proporcional,04-ene-61,Jose Alfonso Suarez Del Real  Y Aguilera,Puebla,Circunscripcion:4,I-309,moises.mier@diputados.gob.mx,1862
Dip. Leticia Diaz Aguilar,Representacion proporcional,20-mar-64,Ana Lilia Flores Galindo,Ciudad de Mexico,Circunscripcion:4,K-398,leticia.diaz@diputados.gob.mx,61280
Dip. Lucio Ernesto Palacios Cordero,Representacion proporcional,07-jul-77,Jose Alejandro Esquivel Diaz,Ciudad de Mexico,Circunscripcion:4,H-267,ernesto.palacios@diputados.gob.mx,61298
Dip. Gabriela Cuevas Barron,Representacion proporcional,03-abr-79,Brenda Estefan Martinez,Ciudad de Mexico,Circunscripcion:4,E-144,gabriela.cuevas@diputados.gob.mx,61300
Dip. Lucio De Jesus Jimenez,Representacion proporcional,15-dic-70,Juan Manuel Hernandez Cruz,Ciudad de Mexico,Circunscripcion:4,E-143,lucio.dejesus@diputados.gob.mx,61270
Dip. Susana Beatriz Cuaxiloa Serrano,Representacion proporcional,19-ene-52,Maria Esther Gonzalez Avendano,Puebla,Circunscripcion:4,C-071,susana.cuaxiloa@diputados.gob.mx,61545
Dip. Porfirio Munoz Ledo,Representacion proporcional,23-jul-33,Jose Agustin Ortiz Pinchetti,Ciudad de Mexico,Circunscripcion:4,H-273,porfirio.munozledo@diputados.gob.mx,59486
Dip. Idalia Reyes Miguel,Representacion proporcional,15-ago-76,Nachelli Soria Morales,Guerrero,Circunscripcion:4,C-069,idalia.reyes@diputados.gob.mx,61336
Dip. Manuel Huerta Martinez,Representacion proporcional,02-dic-63,Vicente Paul Espinosa Guadarrama,Guerrero,Circunscripcion:4,D-102,mhuerta.martinez@diputados.gob.mx,61338
Dip. Adela Pina Bernal,Representacion proporcional,28-dic-64,Esther Giles Morales,Ciudad de Mexico,Circunscripcion:4,I-312,adela.pina@diputados.gob.mx,61260
Dip. Maximino Alejandro Candelaria,Representacion proporcional,08-ene-77,Luis Alfredo Ortiz Pantoja,Ciudad de Mexico,Circunscripcion:4,G-223,maximino.alejandro@diputados.gob.mx,61254
Dip. Lucia Flores Olivo,Representacion proporcional,09-abr-65,Gisela Barrera Badillo,Ciudad de Mexico,Circunscripcion:4,L-441,lucia.flores@diputados.gob.mx,61296
Dip. Agustin Reynaldo Huerta Gonzalez,Representacion proporcional,07-may-62,Juan Pablo Gonzalez Lima,Puebla,Circunscripcion:4,C-072,agustin.huerta@diputados.gob.mx,61549
Dip. Silvano Garay Ulloa,Representacion proporcional,10-feb-59,--- --- ---,Tlaxcala,Circunscripcion:4,F-201,silvano.garay@diputados.gob.mx,62014
Dip. Ivan Arturo Rodriguez Rivera (LICENCIA),Representacion proporcional,02-may-74,Mario Manuel Sanchez Villafuerte(en funciones),Mexico,Circunscripcion:5,E-126,ivan.rodriguez@diputados.gob.mx,59916
Dip. Laura Angelica Rojas Hernandez,Representacion proporcional,26-dic-75,Beatriz Balanzar Sanchez,Mexico,Circunscripcion:5,A-002,laura.rojas@diputados.gob.mx,59887
Dip. Jorge Luis Preciado Rodriguez,Representacion proporcional,09-ago-72,Oscar Carlos Zurroza Barrera,Colima,Circunscripcion:5,K-374,jorge.preciado@diputados.gob.mx,57233
Dip. Maria Liduvina Sandoval Mendoza,Representacion proporcional,24-ene-76,Elena Gabriela Ocon Corona,Colima,Circunscripcion:5,G-206,liduvina.sandoval@diputados.gob.mx,59888
Dip. Adolfo Torres Ramirez,Representacion proporcional,18-nov-80,Armando Aviles Garcia,Michoacan,Circunscripcion:5,E-128,adolfo.torres@diputados.gob.mx,59892
Dip. Gloria Romero Leon,Representacion proporcional,25-ene-64,Gloria Isabel Vite Cruz,Hidalgo,Circunscripcion:5,I-290,gloria.romero@diputados.gob.mx,59884
Dip. Carlos Torres Pina,Representacion proporcional,01-mar-79,Alejandro Mendoza Olvera,Michoacan,Circunscripcion:5,L-428,ctorres.pina@diputados.gob.mx,58046
Dip. Monica Bautista Rodriguez,Representacion proporcional,13-feb-76,Maria Isabel Monroy Garcia,Mexico,Circunscripcion:5,M-462,monica.bautista@diputados.gob.mx,55162
Dip. Javier Salinas Narvaez,Representacion proporcional,22-nov-65,Efrain Garcia Becerra,Mexico,Circunscripcion:5,L-454,javier.salinas@diputados.gob.mx,61711
Dip. Jacobo David Cheja Alfaro,Representacion proporcional,08-oct-65,Erick Jair Miranda Hernandez,Mexico,Circunscripcion:5,C-058,jacobo.cheja@diputados.gob.mx,62610
Dip. Ruth Salinas Reyes,Representacion proporcional,19-feb-85,Miriam Alejandra Cedillo Conde,Mexico,Circunscripcion:5,E-131,ruth.salinas@diputados.gob.mx,62654
Dip. Enrique Ochoa Reza,Representacion proporcional,01-sep-72,Fernando Elias Calles Alvarez,Michoacan,Circunscripcion:5,G-215,enrique.ochoa@diputados.gob.mx,59452
Dip. Ana Lilia Herrera Anzaldo,Representacion proporcional,29-ago-71,Laura Isabel Hernandez Pichardo,Mexico,Circunscripcion:5,E-134,ana.herrera@diputados.gob.mx,59454
Dip. Luis Enrique Miranda Nava,Representacion proporcional,04-feb-65,Paulo Cesar Juarez Segura,Mexico,Circunscripcion:5,F-174,luis.miranda@diputados.gob.mx,59476
Dip. Marcela Guillermina Velasco Gonzalez,Representacion proporcional,25-jun-52,Ma. Dina Herrera Soto,Mexico,Circunscripcion:5,G-217,marcela.velasco@diputados.gob.mx,59514
Dip. Brasil Alberto Acosta Pena,Representacion proporcional,21-jun-70,Santiago Alberto Ruiz Francisco,Mexico,Circunscripcion:5,I-301,brasil.acosta@diputados.gob.mx,59512
Dip. Ximena Puente De La Mora,Representacion proporcional,12-mar-77,Viviana Cristal Mondragon Lazo,Colima,Circunscripcion:5,B-034,ximena.puente@diputados.gob.mx,59434
Dip. Ernesto Javier Nemer Alvarez (LICENCIA),Representacion proporcional,17-jul-61,Oscar Jimenez Rayon(en funciones),Mexico,Circunscripcion:5,G-217,ernesto.nemer@diputados.gob.mx,59474
Dip. Laura Barrera Fortoul,Representacion proporcional,10-may-76,Brenda Liz Palomares Mendez,Mexico,Circunscripcion:5,J-343,laura.barrera@diputados.gob.mx,59440
Dip. Alejandro Viedma Velazquez,Representacion proporcional,11-nov-91,Emilio Acosta Martinez,Mexico,Circunscripcion:5,I-316,alejandro.viedma@diputados.gob.mx,61416
Dip. Leticia Mariana Gomez Ordaz,Representacion proporcional,06-mar-83,Martha Ramirez Bravo,Mexico,Circunscripcion:5,G-213,leticia.gomez@diputados.gob.mx,59612
Dip. Jesus Sergio Alcantara Nunez,Representacion proporcional,21-jun-65,Fernando Danel Villareal,Mexico,Circunscripcion:5,I-295,jesus.alcantara@diputados.gob.mx,59614
Dip. Socorro Bahena Jimenez,Representacion proporcional,10-ago-88,Eugenia Flores Fuentes,Mexico,Circunscripcion:5,F-192,socorro.bahena@diputados.gob.mx,61470
Dip. Pedro Daniel Abasolo Sanchez,Representacion proporcional,03-feb-91,Carlos Alejandro Mendoza Alvarez,Mexico,Circunscripcion:5,G-232,pedro.abasolo@diputados.gob.mx,61424
Dip. Reyna Celeste Ascencio Ortega,Representacion proporcional,05-ene-93,Carolina Rangel Gracida,Michoacan,Circunscripcion:5,K-400,reyna.ascencio@diputados.gob.mx,61130
Dip. Hirepan Maya Martinez,Representacion proporcional,02-dic-77,Miguel Angel Sandoval Rodriguez,Michoacan,Circunscripcion:5,K-401,hirepan.maya@diputados.gob.mx,61126
Dip. Susana Cano Gonzalez,Representacion proporcional,02-jun-49,Maria Guadalupe Roldan Gonzalez,Mexico,Circunscripcion:5,H-276,susana.cano@diputados.gob.mx,61418
Dip. Horacio Duarte Olivares (LICENCIA),Representacion proporcional,05-nov-71,Sergio Carlos Gutierrez Luna(en funciones),Mexico,Circunscripcion:5,I-308,horacio.duarte@diputados.gob.mx,61432
Dip. Juana Carrillo Luna,Representacion proporcional,24-jun-63,Talia Del Carmen Vazquez Alatorre,Mexico,Circunscripcion:5,F-190,juana.carrillo@diputados.gob.mx,61496
Dip. Sergio Perez Hernandez,Representacion proporcional,08-oct-77,Ventura Garcia Hernandez,Mexico,Circunscripcion:5,H-275,sergio.perez@diputados.gob.mx,61464
Dip. Maria Marivel Solis Barrera,Representacion proporcional,03-ene-59,--- --- ---,Hidalgo,Circunscripcion:5,C-073,maria.solis@diputados.gob.mx,61740
Dip. Marco Antonio Gonzalez Reyes,Representacion proporcional,07-nov-80,Raul Diaz Jimenez,Mexico,Circunscripcion:5,G-228,marcoantoniogonzalez@diputados.gob.mx,61472
Dip. Julieta Garcia Zepeda (LICENCIA),Representacion proporcional,20-mar-65,Isaina Sarahi Renteria Infante(en funciones),Michoacan,Circunscripcion:5,I-320,julieta.garcia@diputados.gob.mx,61116
Dip. Hugo Rafael Ruiz Lustre,Representacion proporcional,22-ago-65,Alejandro Canek Vazquez Gongora,Hidalgo,Circunscripcion:5,A-017,hugo.ruiz@diputados.gob.mx,58025
Dip. Maria Guadalupe Edith Castaneda Ortiz,Representacion proporcional,12-dic-65,Viridiana Rojas Portuguez,Mexico,Circunscripcion:5,D-108,edith.castaneda@diputados.gob.mx,61498
Dip. Francisco Javier Ramirez Navarrete,Representacion proporcional,03-ene-88,Isaias Gomez Vences,Mexico,Circunscripcion:5,H-271,javier.ramirez@diputados.gob.mx,61420
Dip. Maria Chavez Perez,Representacion proporcional,15-ago-63,Ana Santillan Mendez,Michoacan,Circunscripcion:5,J-359,mchavez.perez@diputados.gob.mx,61136
Dip. Agustin Garcia Rubio,Representacion proporcional,05-jun-73,Gustavo Arciga Torres,Michoacan,Circunscripcion:5,J-357,agustin.garcia@diputados.gob.mx,61128
Dip. Edith Marisol Mercado Torres,Representacion proporcional,15-sep-86,Yuridia Elizabeth Castillo Correa,Mexico,Circunscripcion:5,G-229,edith.mercado@diputados.gob.mx,61476
Dip. Reginaldo Sandoval Flores,Representacion proporcional,14-may-67,--- --- ---,Michoacan,Circunscripcion:5,A-023,reginaldo.sandoval@diputados.gob.mx,62002
